Time,Hand:x,Hand:y,Hand:z
1.251,318.77444,342.22922,161.89351
1.668,319.733,341.6207,157.51291
2.085,322.62781,348.36481,157.63759
2.503,322.9115,351.69971,162.55486
2.92,326.3396,353.7085,174.15036
3.337,324.8082,353.21158,175.60081
3.754,316.60437,335.44937,181.79861
4.171,305.98605,310.18784,194.91611
4.588,295.85022,291.32858,213.80698
5.005,185.9772,172.91611,292.82803
5.422,106.20007,139.24211,297.05917
5.839,87.26135,129.23218,284.7254
6.256,135.60141,180.46484,260.23911
6.673,205.61862,221.25253,201.43018
7.09,226.20377,226.54846,198.94194
7.508,229.58112,229.82852,202.71133
7.925,228.7623,231.05486,203.58412
8.342,230.07248,232.37105,200.25011
8.759,232.22314,230.62242,195.53276
9.176,232.81175,233.1544,191.09764
9.593,237.08263,237.61682,189.72119
10.01,249.86359,246.06482,193.95621
10.427,296.48865,292.3931,196.71907
10.844,326.23328,313.16885,177.80475
11.261,332.1882,327.85614,174.37599
11.678,332.54779,328.66449,173.61986
12.095,331.42133,325.4325,171.69473
12.512,331.03955,328.47983,174.93655
12.93,333.90314,331.84213,178.44685
13.347,337.1929,331.51099,180.76038
13.764,339.68201,324.84698,182.08162
14.181,276.85123,271.56293,232.18697
14.598,190.59666,192.90193,325.55518
15.015,78.88303,110.06226,370.67117
15.432,-24.21191,132.59706,330.97186
15.849,-7.47363,130.70447,314.00085
16.266,55.63132,155.03793,268.79749
16.683,242.67744,218.87067,147.89767
17.1,250.91098,219.856,143.1143
17.517,251.5799,222.49417,139.38702
17.935,253.36487,222.73784,138.3378
18.352,254.33025,222.98701,136.32504
18.769,254.06039,224.53209,138.21376
19.186,253.79236,230.35878,138.78844
19.603,273.90448,253.45097,148.96407
20.02,309.31146,308.24094,131.34622
20.437,317.59854,309.22025,125.33698
20.854,317.90164,309.52594,119.49646
21.271,322.91452,314.97833,126.55199
21.688,327.04224,315.15833,127.13226
22.105,331.39377,315.33923,129.01338
22.523,320.70575,301.08405,138.2915
22.94,303.32324,299.69562,128.23338
23.357,235.06168,232.64859,171.97289
23.774,129.53047,181.35138,118.19219
24.191,210.96164,170.58929,81.52584
24.608,203.71086,171.77469,78.73929
25.025,179.32196,159.01312,88.92034
25.442,177.80865,162.60054,91.11887
25.859,238.7123,214.7728,88.22955
26.276,286.15649,237.07043,127.87791
26.693,307.44308,255.87267,136.09323
27.11,313.24393,263.034,132.55731
27.528,294.06897,288.21085,121.60559
27.945,300.83469,321.33832,109.71653
28.362,309.5032,331.49881,78.81474
28.779,308.93011,330.62979,70.51641
29.196,299.62338,335.76956,71.87038
29.613,298.15518,335.02213,73.0719
30.03,297.65558,336.05298,72.66428
30.447,300.45691,335.74768,71.98722
30.864,305.12625,337.05869,75.03517
31.281,299.34772,336.38477,76.49516
31.698,300.30545,333.17969,78.17714
32.115,300.36914,329.93851,81.34052
32.533,302.88269,318.90848,104.80518
32.95,308.23486,318.69647,97.0849
33.367,311.37186,324.69025,85.84217
33.784,313.89999,326.70053,84.42019
34.201,315.37326,331.86011,82.31972
34.618,316.30453,329.94324,77.42258
35.035,300.8689,321.65607,89.38322
35.452,231.78925,234.18086,154.78391
35.869,110.75637,184.01172,297.44824
36.286,91.23045,165.80724,442.6127
36.703,34.43927,174.08624,466.55441
37.12,22.89834,190.28693,326.57373
37.537,144.89153,165.76317,255.96852
37.955,208.36316,190.69623,220.55487
38.372,277.46317,240.87473,156.22171
38.789,305.49316,271.11734,124.58671
39.206,310.93781,272.87949,114.37702
39.623,312.37491,271.81143,109.89635
40.04,310.86673,271.39279,110.02334
40.457,315.33099,270.80371,108.2291
40.874,312.99338,269.79898,109.2733
41.291,312.06857,271.16391,109.95864
41.708,304.61377,278.74768,110.44284
42.125,299.4621,314.47656,114.34737
42.542,308.78107,327.2085,95.74992
42.96,318.4212,329.90344,89.51003
43.377,326.46347,330.72736,86.68518
43.794,328.99335,334.22406,89.41735
44.211,332.39581,334.89993,87.52859
44.628,317.23361,333.67969,98.353
45.045,321.86917,334.87161,75.67806
45.462,324.31082,334.32993,70.76903
45.879,324.66785,333.31357,71.1092
46.296,283.75723,293.53549,140.80574
46.713,206.69661,199.23442,271.46805
47.13,146.19919,186.15121,430.03714
47.548,107.12984,179.68755,502.61902
47.965,112.88835,148.78941,509.59967
48.382,97.80692,159.90263,340.48352
48.799,127.25485,131.03404,220.32713
49.216,184.98181,207.09114,232.93411
49.633,228.65845,224.44185,167.00267
50.05,244.29198,225.01083,162.80547
50.467,246.35535,226.75858,158.45155
50.884,249.4733,227.27802,157.04411
51.301,259.25412,239.07394,151.84744
51.718,287.78317,281.99771,142.61455
52.135,306.82861,321.89871,114.51199
52.553,315.88269,325.61142,106.22517
52.97,313.42957,318.92108,100.51569
53.387,318.69003,324.30429,94.47995
53.804,326.08957,327.40057,88.42472
54.221,327.24771,327.61493,89.33777
54.638,324.5658,326.6806,89.87035
55.055,323.34692,325.73541,95.49058
55.472,324.15579,325.59515,93.45091
55.889,327.41702,322.04843,91.10374
56.306,329.2175,321.61703,87.95409
56.723,326.96548,323.70355,83.74763
57.14,326.07483,324.97156,82.31856
57.557,323.30338,320.07883,87.83923
57.975,325.10721,322.50308,87.05265
58.392,323.97357,322.26978,85.62222
58.809,322.92007,322.32004,83.18791
59.226,321.95471,320.79193,82.91376
59.643,315.62567,313.31985,92.75047
60.06,213.08508,216.6734,240.79593
60.477,82.20016,162.726,389.85074
60.894,71.37665,181.03128,333.22958
61.311,92.09219,175.73514,229.24799
61.728,167.25705,204.53387,214.84859
62.145,266.21194,276.57336,128.96123
62.563,284.11255,286.74945,122.39838
62.98,293.28616,288.38388,124.75213
63.397,295.26263,287.7038,119.76886
63.814,300.6337,288.17795,110.97899
64.231,303.4071,285.86856,108.33276
64.648,299.44385,305.78665,122.64303
65.065,309.15207,336.20905,118.21278
65.482,320.30734,339.70023,104.3441
65.899,322.35278,339.505,97.37259
66.316,326.16818,344.6138,85.19453
66.733,329.40228,348.09457,80.17885
67.15,327.39673,345.48346,73.93266
67.567,316.79572,335.81583,78.34312
67.985,316.72968,334.85141,78.12463
68.402,320.11679,331.74643,76.89276
68.819,304.70316,318.72784,98.50629
69.236,273.23883,269.99722,132.86423
69.653,197.27614,186.39922,296.89429
70.07,127.1577,193.73717,401.57553
70.487,120.0154,220.11259,291.7507
70.904,134.87944,186.2178,213.49319
71.321,219.87465,232.32486,180.99918
71.738,289.51782,269.25748,118.89167
72.155,306.23074,266.85919,116.34737
72.573,308.79272,266.24564,115.89445
72.99,276.09824,260.36606,168.55997
73.407,309.96829,390.89087,109.27613
73.824,231.81517,316.01373,284.61478
74.241,265.90585,322.64157,182.02602
74.658,315.72562,336.02744,148.95598
75.075,326.45148,338.26541,142.74913
75.492,325.47617,336.84241,140.61139
75.909,322.63409,329.27988,144.04706
76.326,321.23212,329.03006,141.25192
76.743,321.80301,332.35663,137.76805
77.16,322.47131,331.7493,135.33905
77.577,301.1897,321.27426,143.04698
77.995,292.67545,320.00653,152.13664
78.412,292.28659,320.75809,147.92763
78.829,297.62341,322.15817,141.49995
79.246,295.55307,322.26279,137.32327
79.663,293.64398,323.77463,138.28522
80.08,299.89349,330.49051,137.54019
80.497,302.95877,332.77771,144.87364
80.914,316.99545,344.67462,122.19595
81.331,319.28671,347.74008,106.44379
81.748,322.83533,350.9743,95.82213
82.165,328.21387,354.43164,88.5778
82.582,329.29663,354.26526,81.2821
83.0,330.94138,351.7319,77.93465
83.417,332.30005,350.7623,75.74998
83.834,325.03528,343.46356,87.58398
84.251,319.45996,342.84579,91.28187
84.668,319.99097,341.85889,89.88567
85.085,322.31903,343.52359,87.52628
85.502,321.88385,341.55066,87.30014
85.919,295.67926,307.35342,131.21881
86.336,205.63931,242.20181,231.68298
86.753,242.91025,289.81967,174.35938
87.17,262.6788,309.90536,172.90155
87.588,298.42395,318.93234,151.63428
88.005,305.83871,353.42999,121.0527
88.422,323.52103,369.92737,64.91743
88.839,325.60175,367.2821,60.17612
89.256,321.74622,363.4899,67.33164
89.673,241.41272,230.40201,211.77283
90.09,186.34145,195.56906,360.06815
90.507,170.88921,215.93977,269.1937
90.924,130.62666,150.80568,351.23224
91.341,166.68295,165.50143,331.3681
91.758,267.62573,262.49283,142.57504
92.175,309.80307,301.90067,108.71559
92.592,323.86035,309.38736,99.05871
93.01,324.72943,310.03336,96.25097
93.427,322.98196,310.15811,95.51143
93.844,320.82031,308.35806,94.18887
94.261,321.51755,308.10135,93.93758
94.678,318.4407,307.53748,94.65694
95.095,320.96005,308.50238,95.1708
95.512,318.93542,310.25998,98.96239
95.929,311.05029,318.78864,95.83724
96.346,314.83752,322.66071,96.46291
96.763,314.93338,326.00925,117.28547
97.18,313.42374,355.44296,119.99933
97.598,321.67612,348.37396,113.00724
98.015,322.58603,350.55463,107.05591
98.432,328.45895,348.39447,104.24837
98.849,327.80713,349.63977,101.30009
99.266,323.42041,344.62476,100.96805
99.683,319.79404,342.90515,101.60178
100.1,326.12833,342.64624,100.15374
100.517,328.93649,343.09424,92.12003
100.934,378.88,313.48184,89.30994
101.351,363.52914,304.42053,86.12272
101.768,347.22345,293.45062,69.65071
102.185,384.56741,284.91907,78.41657
102.603,360.50665,293.34656,74.16083
103.02,370.1586,291.19299,78.17377
103.437,384.76221,290.08615,84.705
103.854,387.30469,289.27612,83.10923
104.271,383.00867,292.08698,83.96296
104.688,387.13947,292.2363,86.44287
105.105,362.66272,315.29007,91.15726
105.522,342.15375,335.77664,81.07358
105.939,289.97202,269.91666,153.02805
106.356,175.47736,155.95128,346.48648
106.773,147.89732,148.24666,345.28152
107.19,127.49339,166.30299,366.69305
107.607,160.89513,187.95703,229.02777
108.025,191.06943,193.8614,265.48492
108.442,297.48254,279.59586,162.26968
108.859,342.67795,310.84753,136.41734
109.276,336.80563,303.14182,133.19887
109.693,332.33957,303.72522,137.63345
110.11,316.75143,301.83252,152.52429
110.527,318.87671,298.2012,147.07404
110.944,318.04111,296.84677,148.22758
111.361,312.77945,292.45071,152.48384
111.778,294.76065,332.20779,125.46555
112.195,295.86581,360.06836,115.69579
112.613,311.18967,371.21829,96.28149
113.03,316.16547,367.56378,99.66374
113.447,326.38779,359.53143,90.10091
113.864,333.19333,360.80994,82.65104
114.281,330.603,352.41602,88.21577
114.698,331.71729,354.62622,84.43524
115.115,331.83878,353.14914,83.23924
115.532,331.48059,353.677,82.17003
115.949,270.50055,279.05734,210.95219
116.366,185.32018,213.38989,394.26944
116.783,142.4485,252.95201,331.27499
117.2,228.03146,291.44702,212.28613
117.618,309.89063,216.76308,294.80148
118.035,267.29614,127.71819,459.12457
118.452,143.5791,76.89754,537.40045
118.869,141.65718,167.45631,404.92307
119.286,233.66289,113.34147,272.93649
119.703,192.70625,115.11346,241.29391
120.12,312.37888,259.64145,183.66986
120.537,352.94879,312.80069,127.32097
120.954,358.40063,312.08905,128.886
121.371,353.85083,308.39099,125.11605
121.788,357.89551,309.63339,118.76266
122.205,359.22833,310.30951,118.79719
122.622,358.87936,307.93866,121.0249
123.04,360.23416,309.69293,118.57064
123.457,361.26987,310.81857,116.03868
123.874,362.63486,311.42007,114.86972
124.291,364.23096,311.185,114.56237
124.708,364.79834,311.55154,112.99825
125.125,364.27713,312.14078,111.58137
125.542,364.56967,312.798,110.46844
125.959,364.79529,312.6915,109.42521
126.376,366.61856,313.60709,108.10286
126.793,366.12283,314.272,107.24814
127.21,367.30325,305.77615,113.65125
127.628,341.2124,207.80484,143.71388
128.045,341.88431,306.90558,132.73476
128.462,342.8006,295.42261,143.52519
128.879,345.49338,295.67325,137.24176
129.296,349.69101,295.52432,134.11201
129.713,335.79431,295.12827,143.59644
130.13,314.2247,323.37988,114.17846
130.547,326.8161,323.90466,94.99853
130.964,335.96564,330.41714,79.37522
131.381,339.37418,332.58411,73.81211
131.798,337.21802,330.48624,67.34357
132.215,340.67764,331.95578,47.99541
132.633,341.01083,329.60269,44.20343
133.05,346.33981,320.73309,44.04597
133.467,339.7746,311.23599,37.78757
133.884,342.57495,315.48346,39.50045
134.301,341.86206,318.33344,41.82457
134.718,342.88882,320.77322,43.11454
135.135,343.58173,320.50464,43.1132
135.552,343.03528,320.69724,42.94789
135.969,342.42834,320.44302,43.8718
136.386,229.28047,253.58951,207.54007
136.803,86.58101,165.36673,468.79755
137.22,67.27626,181.73238,428.81052
137.637,53.01292,239.70712,326.95154
138.055,-14.63737,419.91388,460.40845
138.472,-4.82899,368.06287,323.62717
138.889,80.02226,331.48288,288.16864
139.306,218.18658,304.81348,197.25012
139.723,295.46875,306.87796,184.91222
140.14,333.9682,314.36908,176.48468
140.557,346.55887,322.922,153.55272
140.974,343.21835,322.12802,150.49567
141.391,245.85362,198.80403,267.52377
141.808,198.61961,169.56314,261.48788
142.225,168.26016,145.26154,230.56421
142.643,299.23788,244.25577,147.03397
143.06,328.69318,284.00421,126.46748
143.477,311.38577,291.67206,134.6256
143.894,307.35876,318.24866,115.26836
144.311,303.0101,334.5267,112.92982
144.728,303.33041,338.60812,106.16504
145.145,314.23889,330.0676,102.57513
145.562,323.12665,335.80579,98.1877
145.979,331.13358,342.10687,77.61177
146.396,333.90976,342.98807,71.37183
146.813,329.01605,344.34506,68.91425
147.23,319.1846,332.65103,76.80504
147.648,309.2175,327.92365,89.02124
148.065,314.57828,330.88641,98.1074
148.482,310.20096,333.24701,115.06025
148.899,315.92706,330.42993,114.46738
149.316,320.69556,331.17114,114.07101
149.733,317.04626,335.64807,93.17354
150.15,315.73785,325.92102,94.18869
150.567,236.8512,191.5435,207.92795
150.984,245.30457,119.14204,317.21902
151.401,71.58888,110.28018,410.66019
151.818,-8.27213,133.05695,354.62704
152.235,9.26974,125.56544,335.83524
152.652,108.13028,201.80516,332.16907
153.07,315.47693,287.61493,118.11871
153.487,295.02231,315.64096,115.52036
153.904,292.57156,328.47696,118.61118
154.321,291.99182,327.5899,115.51269
154.738,297.108,324.16507,111.19024
155.155,294.86465,322.43732,109.56391
155.572,295.53726,322.40256,109.03631
155.989,297.73596,324.10269,108.19792
156.406,296.88184,325.09698,106.97051
156.823,297.41699,325.14212,108.32854
157.24,298.29446,334.25473,111.67794
157.658,316.44516,340.79135,102.7832
158.075,318.27194,338.25253,110.06332
158.492,321.86972,336.76141,124.66134
158.909,322.03137,335.42783,126.14953
159.326,304.33936,323.90674,114.30579
159.743,311.69547,340.56982,85.06991
160.16,316.18011,343.2731,85.39185
160.577,301.93961,310.64011,124.77648
160.994,200.06099,171.28452,166.74448
161.411,194.4964,208.41479,131.63776
161.828,132.68422,199.36232,366.88055
162.245,116.82341,101.0594,440.3775
162.663,134.76077,120.36948,331.84732
163.08,231.13628,211.12938,214.81105
163.497,313.6839,282.75015,123.54745
163.914,308.41998,289.13437,116.27798
164.331,305.86414,292.16479,111.4479
164.748,307.84695,293.63776,108.68588
165.165,306.09714,297.34875,107.24409
165.582,304.71194,300.92828,105.73277
165.999,302.8812,318.49988,97.20624
166.416,310.22235,326.47266,95.53089
166.833,313.49313,323.51691,91.45053
167.25,315.55853,327.41525,93.63081
167.667,317.09937,325.75238,87.28786
168.085,315.48956,323.74887,83.43288
168.502,316.12653,323.17688,83.04487
168.919,320.37354,323.86801,82.41915
169.336,326.06052,324.13055,84.91024
169.753,318.552,319.57004,89.10492
170.17,318.48096,323.69202,89.00108
170.587,294.56531,314.37497,94.98341
171.004,297.13019,322.04037,94.56763
171.421,299.54062,321.91498,100.50621
171.838,308.21872,326.39911,99.72757
172.255,307.83261,322.83786,106.76862
172.673,308.86246,327.04425,108.84117
173.09,314.65338,333.8782,115.44474
173.507,313.93176,329.51788,127.88252
173.924,320.35867,323.42761,130.16331
174.341,284.28784,286.78149,168.0981
174.758,260.60239,259.45941,157.14383
175.175,253.7565,264.37912,146.65605
175.592,271.97647,244.30014,187.257
176.009,219.91145,227.46112,255.62453
176.426,142.37485,127.41882,409.83188
176.843,83.01729,53.36599,433.75522
177.26,65.79916,38.85363,400.13635
177.678,88.71947,72.43109,391.40097
178.095,224.69765,212.21111,206.09871
178.512,279.02991,268.51437,143.0881
178.929,292.24954,268.80258,136.69264
179.346,295.11765,267.05487,131.37201
179.763,297.44489,267.2897,129.74547
180.18,299.33853,268.31995,127.05084
180.597,300.69409,267.48712,126.52595
181.014,302.32471,269.31824,126.51786
181.431,304.10645,271.85995,123.52404
181.848,302.87619,281.5799,138.45348
182.265,310.52725,308.80258,134.44044
182.682,329.92404,318.42838,123.83162
183.1,332.8522,317.88498,126.01476
183.517,333.09332,318.07019,139.69212
183.934,334.10962,316.60678,137.10313
184.351,307.39474,315.58054,86.0374
184.768,314.61536,319.36374,79.84126
185.185,317.40817,319.36011,80.20962
185.602,318.1301,319.45166,80.68052
186.019,318.05627,320.12582,79.05615
186.436,329.60645,327.84918,94.69555
186.853,367.16251,300.09601,137.03671
187.27,331.11688,332.42871,106.81045
187.688,348.69308,337.71887,106.89218
188.105,328.77805,325.0986,90.49459
188.522,324.35721,324.43253,96.02277
188.939,297.54825,285.11191,166.78319
189.356,220.10036,199.51962,386.35205
189.773,122.33278,214.76613,394.91681
190.19,13.183,302.29514,359.61975
190.607,169.30826,261.33737,348.03696
191.024,227.74155,200.04288,256.39166
191.441,213.10571,151.98251,135.79362
191.858,201.55132,146.37686,84.85807
192.275,186.98477,140.17622,101.25009
192.693,261.35181,245.95752,115.82878
193.11,286.21698,288.80414,115.49943
193.527,283.44043,320.01987,112.91535
193.944,289.72452,348.00726,97.25424
194.361,296.45639,359.34882,94.3456
194.778,299.78513,363.40872,90.92329
195.195,312.32004,351.74258,111.10589
195.612,321.41061,352.793,98.44093
196.029,323.29254,348.45642,103.7015
196.446,323.22742,341.43704,103.25132
196.863,321.92099,336.56049,94.33313
197.28,314.37796,339.927,74.31336
197.697,315.62378,345.46964,69.82752
198.115,316.94681,346.19296,67.85075
198.532,319.91916,346.34515,66.8671
198.949,322.21814,347.19312,64.82048
199.366,324.50708,348.53714,65.22222
199.783,269.69675,282.0994,183.30293
200.2,234.45319,245.25424,266.06671
200.617,238.43581,254.92834,258.20276
201.034,207.20877,237.7326,322.62784
201.451,286.70877,221.70378,326.28149
201.868,126.95165,116.95596,472.54965
202.285,93.03728,132.22714,313.84766
202.702,155.92305,176.33009,263.99564
203.12,289.57306,260.80145,129.09715
203.537,311.47302,277.56714,121.37647
203.954,298.90823,277.9375,113.22619
204.371,306.4624,274.94171,113.09805
204.788,311.08408,278.2724,109.3498
205.205,307.07837,283.16638,115.14889
205.622,306.97296,299.00476,108.76304
206.039,307.79962,307.38019,109.60992
206.456,302.24118,309.60928,108.64949
206.873,302.5022,309.97949,109.24874
207.29,308.54086,306.29346,106.01479
207.708,317.45743,296.93707,115.43438
208.125,324.29404,293.14731,119.69691
208.542,171.09929,118.00905,234.35141
208.959,320.43216,260.7272,139.37827
209.376,326.13171,260.63022,141.77022
209.793,327.52734,262.67334,140.76723
210.21,152.52756,91.74939,248.59464
210.627,253.20557,196.25252,164.1581
211.044,302.01093,240.1978,124.61951
211.461,308.09955,270.39529,135.68552
211.878,302.62216,320.37509,104.84207
212.295,310.6131,321.71344,95.92809
212.712,170.53789,116.65604,309.87076
213.13,275.26611,262.12967,132.05077
213.547,107.98489,63.10836,282.33173
213.964,237.7966,230.05077,132.39812
214.381,143.72197,67.76046,191.561
214.798,289.02539,296.96497,120.03984
215.215,301.39661,293.46924,125.44195
215.632,308.37674,299.08057,133.80148
216.049,323.65244,308.73013,132.11035
216.466,331.79346,316.29523,131.09033
216.883,334.52979,316.20996,123.24089
217.3,304.25677,292.38995,151.74429
217.717,224.51006,204.43361,169.01894
218.135,162.49396,176.90422,268.20972
218.552,107.7301,128.21196,315.4166
218.969,118.1992,141.17543,315.43561
219.386,248.95717,219.85121,144.15347
219.803,305.39484,266.7287,101.30169
220.22,305.85062,261.98145,100.31933
220.637,309.03806,261.13123,98.94841
221.054,309.29895,261.86487,98.25013
221.471,310.44421,263.78024,97.35174
221.888,312.75577,269.36023,101.64751
222.305,309.65125,272.2345,101.88427
222.723,315.25037,269.81696,103.01352
223.14,315.63654,269.52087,101.63322
223.557,313.76132,270.25967,99.02597
223.974,313.1593,270.00323,101.96239
224.391,314.81354,276.82742,133.79703
224.808,312.99887,318.73938,121.94993
225.225,321.05496,323.59167,108.58195
225.642,321.71472,338.11789,104.75813
226.059,323.44382,340.05667,101.96377
226.476,318.66367,344.78345,104.36166
226.893,324.26395,342.58069,100.06831
227.31,331.1965,337.54413,80.40654
227.728,373.09348,321.94446,53.93898
228.145,392.92078,306.85269,41.28897
228.562,375.69446,300.43567,35.0627
228.979,376.69821,300.4603,45.21725
229.396,376.11639,315.69345,59.15349
229.813,379.95578,326.20267,55.857
230.23,379.27979,330.5058,53.32411
230.647,381.65543,331.21033,53.0372
231.064,378.15042,323.18536,52.25845
231.481,381.07886,325.64478,52.89956
231.898,381.16153,325.47775,58.47654
232.315,380.93689,330.28433,59.43543
232.732,379.61511,332.7037,61.48975
233.15,378.24173,338.79822,70.31413
233.567,381.46909,342.54388,75.22861
233.984,387.25928,346.22995,77.52277
234.401,387.90549,346.32394,77.11217
234.818,384.14603,344.41846,74.92838
235.235,376.16058,338.59888,75.21972
235.652,287.31354,217.25375,217.02289
236.069,219.31473,134.57938,274.47498
236.486,187.86142,126.804,269.87595
236.903,194.89664,144.97554,262.50833
237.32,295.87927,254.62364,140.75069
237.738,327.63367,268.75113,141.26027
238.155,306.18146,277.73257,136.34903
238.572,302.46146,281.72861,133.20068
238.989,302.85361,288.57825,127.51038
239.406,310.79071,331.33151,115.91183
239.823,323.21854,336.8385,105.68616
240.24,324.92346,332.97787,104.95329
240.657,328.64133,336.41269,111.18708
241.074,323.58392,331.92279,121.67887
241.491,323.99438,332.77435,112.2919
241.908,328.66647,338.3685,114.59305
242.325,312.08234,311.78836,109.51453
242.743,328.82318,322.36148,80.67918
243.16,319.38321,317.3432,98.35678
243.577,318.92902,319.85721,107.70197
243.994,329.47037,319.51315,113.3066
244.411,324.2803,303.72125,127.34134
244.828,330.98117,300.54935,137.20811
245.245,337.33777,287.30182,166.65627
245.662,303.81723,224.19965,263.89453
246.079,280.45859,228.11765,171.78079
246.496,286.15375,232.95226,223.62643
246.913,318.42245,345.10867,159.39046
247.33,311.06805,367.43683,86.23736
247.747,305.68512,353.9256,116.47528
248.165,239.10864,190.91454,269.12149
248.582,161.35783,115.78187,289.12552
248.999,163.64095,150.11894,295.79471
249.416,255.46899,242.43445,158.57315
249.833,294.68054,274.42584,139.4969
250.25,301.32071,278.68738,132.23151
250.667,302.03354,279.10641,135.13069
251.084,302.30948,280.24005,133.19633
251.501,304.75638,282.74564,136.73456
251.918,305.67938,283.10071,135.76396
252.335,306.56619,284.34161,135.86455
252.753,311.39996,285.97128,134.58412
253.17,307.46021,287.73953,137.58751
253.587,295.28253,314.75314,131.50734
254.004,293.99612,331.63235,122.59045
254.421,296.04782,341.60284,111.41634
254.838,302.29807,346.34583,102.43433
255.255,312.34094,349.78598,111.0796
255.672,328.41043,353.40836,125.60181
256.089,332.63745,348.59949,122.09745
256.506,326.63333,342.00577,113.64565
256.923,314.15289,343.97855,134.35022
257.34,310.95535,343.41974,122.57201
257.758,305.54633,329.44925,143.59428
258.175,306.70526,327.33646,142.47589
258.592,317.59311,326.87445,140.866
259.009,319.7836,324.33066,141.98793
259.426,320.10858,297.01578,136.89058
259.843,280.44089,217.01372,230.60493
260.26,285.63257,245.54106,245.10495
260.677,293.72437,281.78323,205.43532
261.094,210.80386,216.76953,280.78961
261.511,105.32943,256.80911,289.73868
261.928,270.20892,239.34338,185.53743
262.345,314.40237,137.76132,370.07175
262.763,168.61986,52.98548,475.1741
263.18,89.56423,106.49526,372.56686
263.597,69.35093,102.68664,345.40109
264.014,77.32301,111.46046,343.19168
264.431,181.72603,205.83936,238.11339
264.848,269.72385,297.43469,140.2807
265.265,287.1712,330.56335,92.91959
265.682,292.81314,337.63321,100.59931
266.099,297.75873,342.0452,98.17248
266.516,297.00839,354.08426,98.93291
266.933,314.96725,358.75104,104.94881
267.35,323.10849,359.15643,98.66797
267.767,327.39148,355.50485,89.70559
268.185,331.52841,350.68921,92.35956
268.602,332.11975,353.91959,101.45476
269.019,335.51309,350.24969,100.11233
269.436,328.68814,348.24716,100.19508
269.853,322.80148,352.66931,116.54266
270.27,306.52908,317.35449,165.77013
270.687,216.04222,170.3961,259.35867
271.104,261.94656,273.63327,223.00752
271.521,275.81821,296.08774,193.22932
271.938,234.60907,176.99506,295.57816
272.355,160.49326,198.69731,375.61441
272.772,255.01633,231.44009,264.10562
273.19,241.51596,178.57394,148.64806
273.607,181.90126,149.13213,91.74724
274.024,176.96234,155.11618,96.49369
274.441,214.54758,218.61705,136.21323
274.858,276.20593,255.48279,139.7453
275.275,300.98428,269.44589,152.13647
275.692,306.32159,266.95938,148.58266
276.109,306.84424,264.11334,147.66289
276.526,308.15115,264.11017,144.37822
276.943,306.7695,264.96356,145.6134
277.36,294.44214,278.27112,148.13686
277.777,296.55478,289.60425,132.27472
278.195,304.11923,293.57321,124.49612
278.612,300.82391,298.81924,120.25747
279.029,318.16718,331.14822,114.3051
279.446,326.28671,332.87106,113.65605
279.863,327.72684,334.1673,108.36714
280.28,319.22095,324.16083,117.60559
280.697,314.05722,327.27994,128.42389
281.114,320.46313,326.34467,127.30319
281.531,321.75842,325.74622,128.7991
281.948,323.56003,321.12405,130.06419
282.365,321.66272,299.31058,149.47958
282.783,320.09204,236.96234,247.40369
283.2,342.05191,190.28323,357.31796
283.617,397.23297,139.74477,316.25952
284.034,406.88705,143.20992,309.36823
284.451,362.47641,132.78046,342.61517
284.868,176.49632,58.71076,502.2601
285.285,127.98122,113.65085,344.55869
285.702,120.88162,83.37768,238.85455
286.119,177.82794,142.69138,241.04694
286.536,244.11244,215.04106,169.5672
286.953,263.22653,251.36942,151.21091
287.37,286.19852,272.50574,127.49842
287.788,294.67606,271.41733,122.12879
288.205,298.96384,270.91629,120.0009
288.622,301.14078,272.10706,114.98096
289.039,302.74139,273.03928,114.1544
289.456,290.099,273.60037,115.74187
289.873,294.69485,283.76221,114.83487
290.29,294.55347,294.54013,121.22097
290.707,315.58218,340.28165,110.82674
291.124,316.71661,336.93689,107.52834
291.541,323.21805,336.88373,107.34651
291.958,324.39713,339.14203,108.65432
292.375,314.7977,327.23718,110.43576
292.793,309.48141,337.8396,110.32171
293.21,297.6127,317.74506,145.19348
293.627,297.35004,313.97174,142.55292
294.044,303.58743,306.25192,148.44608
294.461,299.46158,290.28381,180.42172
294.878,192.41936,262.87888,242.4169
295.295,205.0773,286.12482,230.51007
295.712,270.55005,302.76727,198.68596
296.129,319.94873,143.20328,347.67194
296.546,238.58136,7.36549,461.31216
296.963,179.43498,-35.58744,421.59058
297.38,134.26233,-26.82299,350.47357
297.798,207.73857,123.5528,300.3454
298.215,224.43916,227.98178,178.18524
298.632,249.3676,253.61803,151.40833
299.049,255.87706,259.33582,148.51639
299.466,271.17169,300.71634,140.34064
299.883,283.02072,316.14212,135.27167
300.3,284.49887,317.72601,128.75475
300.717,282.26685,318.40353,123.58113
301.134,287.00668,319.09262,122.68713
301.551,284.30835,317.21747,125.50523
301.968,288.14905,320.90906,119.18403
302.385,302.172,331.05862,124.71201
302.802,312.0437,337.09985,123.23945
303.22,313.93582,338.82443,125.93267
303.637,320.30496,341.48401,133.63765
304.054,324.47522,341.2691,131.21072
304.471,296.7865,328.1694,151.42758
304.888,306.23322,333.58908,144.95607
305.305,308.9827,333.40225,144.24304
305.722,304.41779,340.10501,106.64676
306.139,304.23502,338.74829,83.95325
306.556,304.84326,339.16318,78.69358
306.973,307.12598,338.10352,71.07455
307.39,305.43219,336.71323,95.78724
307.807,205.26003,259.6041,274.79086
308.225,173.66585,253.95462,416.69772
308.642,169.21474,258.87576,396.28088
309.059,198.77213,216.72403,224.12701
309.476,184.25893,168.1716,90.85052
309.893,173.85378,144.06834,82.96961
310.31,222.44566,193.16618,154.45421
310.727,311.94052,283.23804,133.88025
311.144,307.67581,290.59668,116.20213
311.561,304.99991,284.96948,126.47464
311.978,296.62515,298.44385,114.02077
312.395,293.0864,307.1593,118.93759
312.813,294.21362,314.14166,119.09444
313.23,291.95157,314.76642,117.51267
313.647,288.83145,316.78873,117.93771
314.064,285.15573,313.47089,115.13552
314.481,284.03586,313.63235,114.87456
314.898,292.98941,313.06335,111.04146
315.315,291.93594,312.10028,108.19336
315.732,292.06604,310.62143,109.2064
316.149,291.3558,310.63339,110.51974
316.566,309.10068,335.1944,110.47623
316.983,315.83139,338.16724,101.76379
317.4,316.93985,338.23752,99.83224
317.818,320.38785,341.88107,92.88615
318.235,322.28259,339.04614,92.27251
318.652,296.11841,312.0575,112.54369
319.069,316.11661,317.72012,117.80193
319.486,301.9151,321.15729,95.90666
319.903,304.17456,320.26404,93.68084
320.32,305.6727,319.39709,94.46233
320.737,305.4563,317.12869,96.03244
321.154,305.4205,315.47766,98.72424
321.571,299.29721,302.66962,128.80817
321.988,247.25221,230.99895,219.4201
322.405,162.9511,173.9906,349.40332
322.823,54.66685,181.69638,405.95978
323.24,54.41177,121.81133,434.89459
323.657,128.99205,140.39331,202.65614
324.074,76.35247,111.24827,156.40674
324.491,143.96315,155.11287,169.0872
324.908,209.44398,224.25504,136.69319
325.325,224.54945,229.33972,132.12048
325.742,242.64824,237.88451,135.5291
326.159,245.16339,256.44431,141.15527
326.576,271.25198,273.34448,134.07365
326.993,280.27097,278.08447,142.13071
327.41,283.76797,279.15634,138.0697
327.828,282.65872,279.21298,133.64124
328.245,281.06088,277.52823,132.38481
328.662,282.81226,277.39102,129.64592
329.079,291.10239,307.27356,121.88019
329.496,317.79968,342.18466,106.87706
329.913,321.46255,344.07895,105.84422
330.33,321.97922,345.61691,98.26197
330.747,324.61929,342.31818,98.8989
331.164,329.99969,344.65784,97.9458
331.581,330.91818,342.49496,93.71033
331.998,317.22183,334.29425,75.75937
332.415,314.05573,341.12402,59.09225
332.832,314.25616,340.4436,60.46514
333.25,314.60278,339.6965,64.1724
333.667,298.36874,332.66205,94.92629
334.084,310.12146,348.59369,96.83223
334.501,299.44266,307.27362,151.86597
334.918,282.93588,176.36601,287.72784
335.335,281.87973,240.54272,263.51315
335.752,273.58768,269.9744,252.00603
336.169,231.65736,244.97971,282.16946
336.586,127.20438,177.44238,373.23672
337.003,-15.53647,155.37688,433.21414
337.42,127.51539,222.5808,360.04156
337.837,176.48288,208.15492,329.38181
338.255,242.36395,239.77843,237.18954
338.672,268.84781,273.20807,167.03694
339.089,288.74225,281.00739,160.72144
339.506,288.17572,278.84979,153.1693
339.923,292.35239,278.06665,148.45163
340.34,295.58527,277.80643,149.71669
340.757,297.41302,276.48352,151.42653
341.174,298.54483,275.1572,149.74886
341.591,298.64819,276.44983,145.41745
342.008,296.25854,275.73297,141.95602
342.425,296.69513,277.81033,145.149
342.842,306.48615,306.68637,139.90138
343.26,326.08017,321.99039,119.07474
343.677,317.737,317.25769,115.94028
344.094,316.22919,318.7204,113.95976
344.511,319.01212,323.91925,106.80975
344.928,317.06934,325.32364,105.36388
345.345,317.30124,327.85855,106.66833
345.762,324.05951,333.22131,119.81676
346.179,333.36343,337.49619,113.62953
346.596,336.47198,337.61615,109.24908
347.013,337.56339,339.36029,102.959
347.43,339.8707,340.1022,96.72732
347.848,342.47656,333.98389,100.26351
348.265,347.03824,327.7421,98.23033
348.682,346.73703,326.36768,98.53889
349.099,348.70657,326.14471,96.45065
349.516,337.61166,318.0697,118.40582
349.933,179.26207,189.82999,445.32739
350.35,155.79506,186.66428,551.27502
350.767,195.55446,209.30615,443.04099
351.184,256.73093,241.18013,218.15143
351.601,175.20544,185.88913,355.19662
352.018,140.54691,79.76786,522.1402
352.435,135.94456,87.29502,432.72531
352.853,141.13351,107.09566,321.98895
353.27,268.92603,250.17206,154.45738
353.687,306.86288,280.06821,142.11157
354.104,322.95438,282.85706,135.78162
354.521,324.85495,281.51559,131.8844
354.938,324.60278,280.39255,131.98013
355.355,325.49042,279.07315,130.33
355.772,325.60986,279.59113,128.18246
356.189,326.44211,280.27567,125.10488
356.606,327.06976,281.73145,124.5529
357.023,327.16519,281.99377,124.42633
357.44,327.98495,283.00964,125.24426
357.858,328.62631,282.75311,125.95896
358.275,330.01089,282.32727,128.65517
358.692,336.59406,283.62103,167.77046
359.109,341.22583,288.27722,160.87851
359.526,348.57751,300.99033,175.24155
359.943,355.43491,304.64368,171.48302
360.36,354.97543,309.17572,160.76697
360.777,353.12408,309.55847,156.81195
361.194,353.45648,309.21292,153.67213
361.611,355.06177,308.58521,152.58107
362.028,353.36902,307.07852,152.11642
362.445,352.42413,307.29309,152.62904
362.862,317.29468,307.86819,159.8376
363.28,328.65402,310.82687,140.96744
363.697,342.62103,324.52841,136.23309
364.114,347.18536,339.36792,114.4132
364.531,355.121,342.97382,103.1253
364.948,351.63791,327.40179,105.97593
365.365,360.52747,320.49792,108.07614
365.782,357.18231,287.33685,107.80361
366.199,333.34155,208.64594,312.28329
366.616,360.24521,253.91978,249.56161
367.033,331.84317,247.01236,259.77661
367.45,316.25146,231.2504,269.74976
367.867,203.00482,106.09539,421.91962
368.285,181.00391,182.67699,340.0687
368.702,159.19125,168.81322,275.22345
369.119,141.31641,166.89665,284.68069
369.536,148.04402,212.4966,259.90564
369.953,222.05016,264.81995,187.93265
370.37,252.41473,291.99368,157.90771
370.787,278.05035,313.45609,133.72893
371.204,305.3703,333.04211,124.4613
371.621,309.55765,331.79468,122.26295
372.038,314.93356,328.89673,132.02176
372.455,317.72208,331.03604,134.62337
372.872,316.88757,325.74652,132.34503
373.29,304.70612,316.8175,150.61028
373.707,316.89832,301.56552,161.52425
374.124,330.06223,298.96906,165.38774
374.541,337.29501,299.58865,163.8812
374.958,343.8508,295.1535,164.37947
375.375,345.87213,292.97937,167.03616
375.792,343.78387,287.58191,174.2209
376.209,329.79727,258.65173,224.981
376.626,324.77432,241.18631,265.49445
377.043,323.1774,155.73373,310.64969
377.46,305.93314,131.94281,352.5455
377.878,265.90253,172.95728,224.78613
378.295,190.08926,168.87611,391.93369
378.712,142.31244,68.02588,439.95276
379.129,100.08311,58.29426,419.43311
379.546,155.77612,218.15669,385.85187
379.963,231.92078,263.56943,241.18793
380.38,249.48058,265.15524,204.06149
380.797,249.24265,279.98859,166.72701
381.214,250.77608,284.73196,151.79108
381.631,257.29874,284.40533,147.13666
382.048,262.11951,286.04453,143.16115
382.465,265.49918,285.88583,142.37711
382.883,269.82535,285.83511,140.35735
383.3,276.45099,285.78674,139.58157
383.717,279.41681,285.48117,138.54173
384.134,281.81512,285.8862,138.08208
384.551,283.37738,286.34097,139.11241
384.968,294.53604,291.00974,151.96353
385.385,310.4166,303.19485,141.2746
385.802,318.52179,303.25049,136.20264
386.219,322.25653,302.92529,137.80632
386.636,322.25922,293.1235,143.21628
387.053,325.95416,303.8064,139.79353
387.47,305.55023,255.33266,187.35561
387.888,218.25896,162.31718,260.25443
388.305,173.57086,144.12503,222.41589
388.722,108.31946,104.18935,223.54338
389.139,157.46643,158.72682,206.09746
389.556,240.15436,236.99083,159.05083
389.973,261.35568,234.28874,177.62837
390.39,255.42934,264.86893,136.11415
390.807,257.83875,265.07156,138.63216
391.224,263.67349,263.48297,140.55608
391.641,269.90521,271.44727,140.74802
392.058,279.15048,287.85944,144.06239
392.475,312.40149,328.34698,130.45314
392.892,318.67361,331.45847,134.53108
393.31,323.96561,327.66486,135.71973
393.727,325.87057,325.52112,140.23135
394.144,336.42944,320.03171,135.08517
394.561,342.20523,319.49612,124.63219
394.978,340.6564,315.26352,124.05335
395.395,306.11676,276.3425,188.82019
395.812,240.47792,165.14339,319.88358
396.229,234.71077,156.60486,369.12097
396.646,132.81451,65.49672,419.44635
397.063,45.86022,63.22241,389.38409
397.48,7.97711,94.79245,345.74643
397.897,39.0351,85.54765,329.00732
398.315,80.91223,134.04483,323.57755
398.732,204.84541,224.50624,173.12634
399.149,238.74442,248.79089,174.59395
399.566,267.46631,289.37283,168.42354
399.983,290.44403,313.05823,151.56816
400.4,292.40741,315.74799,138.70421
400.817,303.5408,338.2121,114.45267
401.234,313.12448,343.01965,104.44579
401.651,320.34772,344.65677,100.60555
402.068,325.83368,348.08002,93.00191
402.485,328.44016,342.76782,96.05762
402.902,319.81366,338.2016,104.47888
403.32,303.80734,333.8653,100.88639
403.737,305.73434,331.44296,90.46186
404.154,310.3627,332.23022,87.86284
404.571,310.72147,332.7099,89.86852
404.988,311.52628,332.56223,90.21473
405.405,312.46634,332.41238,89.81117
405.822,312.20712,332.89078,91.12453
406.239,312.54428,332.68146,92.02418
406.656,312.83655,331.05798,92.03066
407.073,313.38452,331.35977,87.89983
407.49,313.52158,331.85519,87.89183
407.908,314.03506,332.13724,88.04787
408.325,313.57437,335.53729,91.85449
408.742,312.69867,335.91141,92.75832
409.159,312.68954,335.54608,94.16593
409.576,307.18005,326.30017,105.50098
409.993,255.10757,203.42693,207.54916
410.41,293.13071,172.95923,213.4037
410.827,305.76602,123.08868,223.91225
411.244,249.03934,138.59808,205.39803
411.661,173.17865,160.27359,209.83826
412.078,233.08142,251.62846,137.33589
412.495,267.34766,306.25461,107.52227
412.913,299.25214,342.80151,85.87543
413.33,297.80099,343.21542,79.92953
413.747,295.67584,348.57764,81.349
414.164,298.15909,348.7973,84.78751
414.581,309.23071,345.138,83.21027
414.998,317.75027,349.33078,74.25709
415.415,320.73981,349.76376,73.9521
415.832,322.09824,346.84488,73.82132
416.249,318.03217,340.05957,67.81316
416.666,315.2869,329.52036,71.12961
417.083,314.11685,323.25644,70.44317
417.5,316.59988,322.79407,71.77054
417.918,320.42914,321.02551,77.34388
418.335,314.35828,308.27069,92.31042
418.752,295.94891,221.92418,176.30859
419.169,308.62668,110.77685,141.02893
419.586,357.91479,96.49065,222.25847
420.003,254.11194,1.61531,437.79434
420.42,46.59481,82.94267,397.75397
420.837,-11.02745,136.44878,286.92807
421.254,33.96818,277.8439,255.70178
421.671,183.66702,302.63684,190.40372
422.088,249.3688,335.16711,145.19537
422.505,284.77499,352.17075,107.97118
422.923,303.8165,350.3548,96.69051
423.34,315.84833,350.50537,92.48746
423.757,323.75208,346.78949,89.71908
424.174,241.90303,234.50298,203.47643
424.591,187.69377,186.39897,196.88268
425.008,139.61807,173.64059,204.5688
425.425,160.29645,203.87466,206.72035
425.842,179.92343,236.9402,178.86913
426.259,206.6812,245.03902,167.63512
426.676,225.96605,244.27536,160.89259
427.093,230.97325,243.03688,155.74727
427.51,238.1442,244.01932,153.6534
427.927,239.30521,244.24696,149.90451
428.345,240.86595,245.69675,150.57845
428.762,288.1644,312.45139,132.39581
429.179,314.28934,336.5556,110.65904
429.596,315.85571,330.95782,114.71349
430.013,317.49164,331.93466,112.40453
430.43,321.7681,334.25735,102.70631
430.847,312.80505,335.67065,118.25913
431.264,306.10828,330.02866,114.68444
431.681,299.59232,320.81161,126.7478
432.098,303.83594,327.35831,132.79269
432.515,317.75366,331.20502,122.31863
432.932,321.19397,328.76321,122.81857
433.35,324.91016,331.19839,119.13901
433.767,328.36832,330.4549,117.71826
434.184,310.59644,314.51318,134.64969
434.601,303.0896,308.38483,138.85889
435.018,305.64417,307.52527,140.13159
435.435,299.73752,295.16953,153.3335
435.852,222.39325,214.56215,143.35495
436.269,193.28578,221.78023,77.90499
436.686,183.99638,223.96091,72.60749
437.103,229.72408,202.71666,96.76073
437.52,233.41211,171.67786,137.20695
437.938,238.57814,164.88573,151.08333
438.355,239.63118,215.06525,106.5386
438.772,264.35495,231.79024,93.01013
439.189,282.36658,247.80457,109.64805
439.606,279.74237,270.58606,127.6039
440.023,305.54419,323.93771,107.12935
440.44,320.61276,331.84512,88.42619
440.857,327.08301,340.98294,78.07674
441.274,332.57797,347.25018,81.56446
441.691,336.76712,347.33972,80.52519
442.108,328.13849,338.42542,85.63802
442.525,315.56567,339.1601,51.19851
442.943,311.49234,340.56546,59.79792
443.36,313.06949,341.03299,58.38261
443.777,308.7236,338.3519,57.36192
444.194,310.91745,339.32025,57.55758
444.611,313.15005,341.116,56.95001
445.028,313.41156,341.35721,77.85578
445.445,289.84567,321.00555,138.70683
445.862,219.91832,255.87035,234.20949
446.279,190.05415,243.45662,138.74451
446.696,202.59325,241.65378,179.14844
447.113,210.29039,211.70129,308.20892
447.53,161.6487,197.78516,409.65738
447.948,106.67027,141.80571,465.20282
448.365,174.29178,111.81236,494.75211
448.782,122.02064,54.59206,458.6499
449.199,126.45309,104.30455,412.98196
449.616,116.17254,152.35628,394.58997
450.033,134.94183,192.21243,343.72491
450.45,156.9306,234.24139,246.4025
450.867,161.86949,242.18404,230.26366
451.284,168.76346,242.66164,226.26599
451.701,176.72641,246.40971,224.0123
452.118,177.98914,252.09415,227.2466
452.535,171.47105,256.64374,226.86179
452.953,281.66534,320.83435,201.97815
453.37,323.90039,339.92572,182.22115
453.787,334.41797,342.73297,176.54457
454.204,340.82913,337.26837,168.31429
454.621,256.49481,220.13338,239.82841
455.038,158.54932,104.76573,305.45221
455.455,152.40427,97.55758,289.46921
455.872,181.92313,150.24985,268.6734
456.289,255.19496,262.93842,155.82854
456.706,276.45303,269.99829,155.85713
457.123,278.06836,272.89893,154.78539
457.54,282.96426,277.10452,149.42574
457.957,287.31381,276.31772,146.63008
458.375,287.6759,276.55728,145.36131
458.792,285.34311,282.61493,144.52747
459.209,313.74704,336.33524,118.786
459.626,324.23761,340.87421,111.55339
460.043,327.20233,343.11038,102.89481
460.46,329.86606,343.47284,98.61214
460.877,331.18619,337.99011,97.76758
461.294,335.2406,326.27759,83.62798
461.711,331.53378,320.57336,63.92341
462.128,335.20166,324.37881,50.03417
462.545,335.13306,324.01413,53.46395
462.962,335.85992,323.97113,54.79979
463.38,338.10687,324.74704,54.00461
463.797,337.36044,322.36823,54.78138
464.214,337.06143,323.21039,56.39192
464.631,338.22675,321.55518,56.92799
465.048,339.10269,317.30786,58.30957
465.465,289.40039,224.86703,205.47523
465.882,295.80417,142.50148,303.49918
466.299,189.11852,120.32241,398.991
466.716,49.77217,146.00946,407.6069
467.133,-9.08135,172.92073,365.24124
467.55,10.05465,166.74263,347.56866
467.967,24.23316,175.77141,346.42392
468.385,236.79778,204.70506,156.23648
468.802,254.14915,215.48026,152.4176
469.219,279.60007,233.40904,145.99158
469.636,277.82181,230.83397,142.17203
470.053,279.09863,232.13846,135.0554
470.47,278.04614,232.64082,135.10027
470.887,302.37274,267.65283,144.67845
471.304,319.75803,319.26352,113.41287
471.721,312.01022,315.66971,107.74237
472.138,299.30566,319.06876,116.71049
472.555,300.38205,317.17041,117.73773
472.973,302.65002,316.9339,115.80324
473.39,302.29306,319.76672,119.41621
473.807,302.67859,313.58609,121.50031
474.224,306.03305,313.10925,121.46162
474.641,308.87866,316.34247,123.20383
475.058,309.14465,321.57532,121.80339
475.475,325.4892,329.70203,131.91119
475.892,333.18982,333.50751,138.83405
476.309,338.03448,334.50787,148.86067
476.726,341.37317,329.32819,139.49083
477.143,344.11829,324.91058,126.8302
477.56,343.40088,321.87134,117.11539
477.978,347.77527,318.19052,115.41711
478.395,347.32086,316.31372,112.87106
478.812,346.78122,314.51019,113.51605
479.229,318.79388,260.87454,185.67458
479.646,315.02155,115.12811,188.63066
480.063,191.10559,153.31393,188.90964
480.48,-13.60573,182.39856,251.69159
480.897,-25.29344,181.70247,271.0997
481.314,4.54742,166.55614,292.02725
481.731,4.13155,167.41006,277.85083
482.148,2.74601,164.07263,286.0925
482.565,37.02647,134.83812,278.8598
482.983,29.58702,162.66557,298.30743
483.4,55.33615,181.32027,283.24036
483.817,260.81253,266.15881,130.46634
484.234,303.54749,281.47742,116.85346
484.651,310.81482,285.03534,117.25277
485.068,309.69562,293.45319,115.00047
485.485,303.60541,298.50824,109.82034
485.902,302.40225,295.49664,106.50771
486.319,303.97125,298.66217,103.35535
486.736,301.64749,297.92596,104.34322
487.153,302.93668,294.32843,101.75105
487.57,300.69257,295.79166,100.13239
487.987,299.90607,296.05795,100.47305
488.405,298.44916,299.20016,110.71265
488.822,316.32031,331.80902,98.42694
489.239,321.81894,328.91214,99.45845
489.656,321.43896,330.13736,112.14506
490.073,326.55017,332.92752,111.16853
490.49,328.89172,333.7041,114.19689
490.907,328.7951,338.48633,118.94907
491.324,330.42523,337.76068,113.50307
491.741,329.5184,335.44577,108.55212
492.158,329.64014,333.45825,106.67278
492.575,325.04956,330.41516,123.67877
492.992,266.79892,282.31659,208.69208
493.41,252.12308,267.30014,150.46788
493.827,258.65851,248.23848,166.47758
494.244,217.22156,193.2816,335.17099
494.661,123.12799,106.87082,433.99887
495.078,41.92893,109.36776,431.01749
495.495,41.48493,120.90634,355.10638
495.912,177.79935,199.4171,242.77908
496.329,260.41925,245.55212,157.85782
496.746,281.53439,250.33363,148.03458
497.163,280.80673,248.47949,143.08904
497.58,284.22098,246.86354,143.92345
497.997,290.25449,244.54927,148.45132
498.415,293.47696,240.78848,153.62257
498.832,293.32471,238.15479,159.44481
499.249,284.95624,250.88062,161.94814
499.666,292.70184,259.36734,152.20695
500.083,295.1496,260.5946,149.58031
500.5,300.96948,260.00763,144.03432
500.917,294.91797,260.31866,140.29007
501.334,302.10526,260.04483,138.80818
501.751,298.04474,259.81015,136.46025
502.168,301.23248,259.60529,138.71899
502.585,300.87479,259.41183,139.48543
503.003,301.60046,257.85831,130.65308
503.42,299.28326,258.55249,131.06682
503.837,297.84198,259.45798,127.28659
504.254,298.1741,257.53336,127.27788
504.671,299.66956,258.83383,127.33675
505.088,302.08664,262.3306,133.06369
505.505,322.33334,297.27725,145.89912
505.922,333.33777,311.1705,141.42134
506.339,335.63657,316.30374,147.97813
506.756,334.85184,320.45932,163.68161
507.173,341.72046,319.0358,175.53081
507.59,348.50711,320.11429,175.66936
508.008,348.28735,310.81262,170.19861
508.425,317.08221,284.07971,182.94017
508.842,260.83621,212.26956,190.26042
509.259,241.82043,202.88834,171.88704
509.676,186.34302,209.86771,93.13565
510.093,148.82794,252.27754,111.4248
510.51,122.44773,187.37689,298.60318
510.927,57.37163,94.35353,387.53928
511.344,56.91366,57.20822,358.05569
511.761,89.10993,139.85175,326.36862
512.178,207.56427,237.56688,144.91466
512.595,270.7413,262.63501,118.59224
513.013,283.48865,265.58835,112.61112
513.43,287.91058,293.91949,126.49965
513.847,284.34445,306.66977,108.09221
514.264,283.31189,307.06802,105.1321
514.681,278.04932,303.74567,112.04195
515.098,278.19696,302.17172,111.12874
515.515,290.61725,324.50766,112.27607
515.932,304.14246,328.80014,121.13929
516.349,305.73517,329.1879,122.87598
516.766,308.49304,335.1506,125.70898
517.183,311.29507,332.28729,128.46916
517.6,307.9639,324.64682,118.80091
518.018,304.75089,318.49722,89.13199
518.435,304.09949,313.64691,74.16908
518.852,306.10434,313.9924,63.28581
519.269,315.39343,301.52444,57.67723
519.686,317.51923,287.71957,52.53947
520.103,318.52289,289.84607,57.96329
520.52,307.93323,286.90555,100.57843
520.937,251.16063,272.71332,250.18053
521.354,75.48464,74.70077,360.45193
521.771,130.56165,211.71283,364.66583
522.188,96.3375,113.46387,365.12784
522.605,9.54542,5.0522,313.49033
523.023,37.98643,12.50196,266.37271
523.44,60.5335,6.29024,235.76021
523.857,123.37904,138.09662,206.27452
524.274,169.51364,260.03751,208.71667
524.691,225.21811,252.87886,199.77542
525.108,235.6983,247.81436,196.61018
525.525,251.96754,265.24026,170.96245
525.942,263.36731,278.87555,150.46666
526.359,266.95804,283.61862,139.44295
526.776,276.66858,291.68353,131.22008
527.193,278.44196,292.56876,123.17686
527.61,281.62799,293.21332,122.32529
528.028,284.05823,293.96991,122.02827
528.445,286.13028,289.38852,120.38728
528.862,291.58572,290.07465,119.71233
529.279,291.31161,289.93152,114.12399
529.696,294.96201,293.62283,112.49334
530.113,301.67645,308.73706,136.42125
530.53,320.53101,320.36188,129.125
530.947,322.79709,324.06342,124.84264
531.364,327.08102,328.00208,126.70805
531.781,332.93338,318.49124,127.40408
532.198,321.0929,308.99991,140.96843
532.615,315.54468,274.85562,211.23862
533.033,295.42532,203.3643,327.64572
533.45,280.64511,184.59177,315.36365
533.867,125.0821,124.42732,368.75858
534.284,-19.35101,130.98651,330.43045
534.701,-14.61522,136.12444,310.7915
535.118,30.26011,157.23488,322.70291
535.535,303.79187,264.3114,140.31767
535.952,313.21188,260.39813,156.91164
536.369,312.15652,259.38834,142.82645
536.786,312.73242,256.28702,135.48596
537.203,312.61554,258.33289,136.80576
537.62,316.06537,262.07129,134.51529
538.037,305.63062,267.28839,140.57419
538.455,308.82697,260.4288,137.7968
538.872,306.99884,254.9447,128.22116
539.289,309.20825,252.15056,123.79743
539.706,319.86679,253.7155,126.85279
540.123,350.39767,277.61789,164.21561
540.54,381.16287,282.70319,185.51552
540.957,357.05719,260.87735,150.74448
541.374,362.71982,263.97214,146.72775
541.791,346.24585,259.77383,142.21281
542.208,334.38812,229.69508,230.38329
542.625,298.44125,211.23859,261.88574
543.042,313.08429,260.6301,145.08018
543.46,300.52136,248.69402,149.78455
543.877,303.63687,41.0251,260.02216
544.294,252.38956,183.69228,210.25963
544.711,264.1319,242.71362,164.27573
545.128,275.16388,256.92267,171.8494
545.545,301.15594,299.75717,182.53621
545.962,318.12061,314.11752,167.08755
546.379,322.88956,328.77243,172.52385
546.796,327.06366,329.62122,167.88835
547.213,327.69836,323.0256,167.3504
547.63,311.52618,319.21588,179.26442
548.047,309.71011,317.53635,192.2394
548.465,299.55383,307.21158,203.00429
548.882,211.81581,238.16129,281.26532
549.299,183.43243,221.85153,268.66318
549.716,64.3676,196.92477,304.34125
550.133,124.80321,84.51454,479.87228
550.55,135.79993,24.5191,474.41052
550.967,136.13548,35.16618,447.84616
551.384,228.17719,224.14427,297.05179
551.801,311.95108,293.10559,126.22885
552.218,298.47662,275.67831,139.4368
552.635,299.52161,272.6322,130.64478
553.052,302.9646,271.62131,127.12069
553.47,305.50342,271.78317,128.53459
553.887,308.0365,273.52988,128.58449
554.304,306.94916,274.66019,125.68076
554.721,307.00742,275.1814,122.47525
555.138,305.49234,274.70596,121.04588
555.555,306.59799,275.06076,120.59978
555.972,307.09094,275.0304,121.22571
556.389,307.70862,274.19937,123.28549
556.806,271.95782,284.08145,125.88587
557.223,298.01761,281.8595,127.02328
557.64,295.91202,279.62396,123.80363
558.057,291.45792,274.86057,120.64482
558.475,305.90558,298.58032,127.73447
558.892,322.58578,311.2616,123.96345
559.309,313.42355,306.37164,131.42085
559.726,315.09009,312.83377,129.40054
560.143,320.15073,311.07074,131.36824
560.56,323.54303,310.21594,130.53568
560.977,328.43134,306.8638,121.09352
561.394,328.21463,305.90784,119.02999
561.811,328.02042,305.02707,118.94746
562.228,328.36832,305.65009,118.87291
562.645,330.00879,306.38718,119.0717
563.063,330.64865,305.37469,118.67091
563.48,318.12625,297.90344,129.2646
563.897,184.10114,204.44981,147.66028
564.314,102.71178,229.49727,117.81071
564.731,193.72281,245.67769,118.03899
565.148,278.60001,143.56587,172.83966
565.565,263.69559,138.86623,175.10608
565.982,294.96265,221.20705,136.18945
566.399,335.06299,289.30685,132.73111
566.816,331.6525,289.55478,126.47945
567.233,332.53296,281.58453,126.90144
567.65,331.25607,276.38486,127.08855
568.068,329.62186,274.99966,131.39775
568.485,310.01279,276.4505,142.81406
568.902,296.47528,271.75058,133.25952
569.319,296.39624,270.22665,131.91144
569.736,301.28894,287.69116,134.87204
570.153,318.92542,325.66931,95.20847
570.57,330.25363,330.83173,82.62392
570.987,346.436,338.18936,80.10083
571.404,352.34818,340.39362,75.05553
571.821,351.60349,341.11859,68.36105
572.238,341.74261,328.41623,71.00111
572.655,333.36127,326.1015,70.3409
573.073,333.27921,324.68912,70.62351
573.49,335.60068,316.5206,68.74253
573.907,327.28735,307.28918,89.15585
574.324,255.3689,189.49353,321.28967
574.741,120.40591,6.56993,494.85568
575.158,28.98826,116.46018,294.03311
575.575,164.31538,158.87375,228.16953
575.992,230.95316,133.97058,258.82693
576.409,191.04807,203.82065,329.80063
576.826,302.42636,246.0992,206.36087
577.243,307.30621,271.11282,178.29854
577.66,305.08466,271.26004,174.10098
578.078,306.5661,268.31705,170.55739
578.495,315.17346,271.67538,169.94377
578.912,317.71729,272.40607,168.67546
579.329,319.06921,272.15057,166.71811
579.746,319.88144,273.06769,166.42072
580.163,322.70105,274.7814,167.15825
580.58,323.77716,275.27664,165.81981
580.997,328.34726,274.40634,166.53009
581.414,323.6586,275.70801,162.70016
581.831,315.28226,315.50357,124.43958
582.248,318.02667,333.6774,103.09608
582.665,315.04819,325.68851,96.37221
583.083,316.70389,327.39383,93.17921
583.5,320.03113,328.1644,90.08415
583.917,320.2467,322.23111,90.52811
584.334,312.68753,324.57996,100.15881
584.751,303.86331,332.41464,102.05428
585.168,308.70523,298.51932,93.86963
585.585,314.3862,294.02026,91.3644
586.002,316.40189,298.16769,95.35457
586.419,317.80869,298.64395,100.25961
586.836,318.16776,294.06516,104.69019
587.253,290.93317,244.03061,147.74788
587.67,272.91681,213.50241,206.33971
588.088,219.41975,190.71254,238.42352
588.505,181.11911,216.45808,194.08449
588.922,149.5027,202.51997,99.80481
589.339,169.52742,215.8967,129.58856
589.756,252.76636,243.59792,142.56345
590.173,265.07068,251.87863,147.31776
590.59,270.80289,254.94763,148.78964
591.007,275.66888,254.547,151.81918
591.424,277.10098,254.54544,145.90472
591.841,277.729,255.4899,144.18745
592.258,281.56857,256.97461,145.19102
592.675,283.19501,257.21759,144.08641
593.093,282.89539,257.77203,143.52095
593.51,284.22168,257.7002,143.35335
593.927,285.10333,257.55576,144.33812
594.344,285.90424,256.85596,145.22
594.761,298.39774,264.45844,166.60551
595.178,323.95444,313.24405,131.59131
595.595,339.5304,318.547,124.60703
596.012,339.52063,313.25623,122.75322
596.429,339.85983,310.7402,121.19006
596.846,335.29675,307.0499,93.84618
597.263,334.46732,305.53079,94.43167
597.68,334.70233,305.28864,99.23035
598.097,326.1113,299.2775,122.7019
598.515,309.5531,283.82309,158.38106
598.932,307.41696,282.58731,163.65176
599.349,305.60684,278.96887,173.13342
599.766,301.72672,268.84805,196.34494
600.183,298.87567,254.56979,232.03477
600.6,276.9859,237.7054,262.66516
601.017,265.29608,231.77736,287.66821
601.434,269.61508,232.86629,271.7377
601.851,250.77197,222.59378,287.65463
602.268,191.86731,198.15343,317.85016
602.685,118.29488,178.26573,311.95319
603.102,100.82249,166.02084,279.49448
603.52,118.9469,178.16446,273.71014
603.937,247.43152,228.41052,168.17682
604.354,299.61807,272.20932,125.68428
604.771,310.01978,274.52771,123.5894
605.188,300.03241,272.19916,120.19279
605.605,305.56912,272.52081,117.23595
606.022,312.46896,273.71771,118.47452
606.439,318.80896,275.979,118.49807
606.856,322.98315,271.24713,119.91602
607.273,308.14139,278.56763,123.40218
607.69,308.45514,278.73856,125.06042
608.107,312.83884,274.59155,129.03201
608.525,313.46863,273.16547,129.99677
608.942,316.99777,273.75336,122.73074
609.359,312.55051,283.47046,113.25464
609.776,317.15042,317.63037,97.60726
610.193,324.24478,321.42209,96.87836
610.61,328.53729,329.21774,90.44492
611.027,328.01599,329.63736,85.29739
611.444,329.77145,318.73584,81.12446
611.861,329.78052,303.27908,62.50026
612.278,332.19373,303.48969,59.6264
612.695,334.60513,305.46481,57.98243
613.112,337.51147,304.56006,58.55347
613.53,337.05292,306.61401,59.89343
613.947,336.18048,307.94849,59.75279
614.364,335.96436,307.91269,60.12432
614.781,336.00833,308.12482,59.98386
615.198,331.63721,304.91425,63.52198
615.615,287.81735,262.66782,127.36372
616.032,266.82831,227.53674,160.92404
616.449,209.01726,217.299,192.42307
616.866,138.98967,185.68901,296.08356
617.283,61.53679,133.17697,381.81024
617.7,0.52152,104.47852,377.07678
618.117,4.47016,98.69185,362.94293
618.535,127.82123,188.3979,277.54636
618.952,258.51193,251.72635,149.55672
619.369,292.97482,269.09833,133.38087
619.786,298.6795,274.70511,126.33994
620.203,283.92538,287.38187,121.44643
620.62,289.80942,293.24026,121.37966
621.037,282.83005,292.11179,117.55281
621.454,285.46405,291.4838,115.19429
621.871,301.07089,303.39694,124.2504
622.288,319.62122,334.87772,100.27644
622.705,331.39499,338.18384,89.20372
623.122,333.74796,341.28287,83.0091
623.54,320.93253,324.73566,70.78323
623.957,314.72971,339.60413,79.40916
624.374,309.60135,339.7934,97.02945
624.791,320.42377,345.01608,90.86363
625.208,322.35336,348.63089,97.75565
625.625,322.32614,349.67548,96.71136
626.042,321.34216,348.20886,97.25002
626.459,321.02588,327.66446,134.58658
626.876,332.69418,333.87943,132.74521
627.293,339.79977,335.05219,120.98919
627.71,339.94745,335.25702,118.84022
628.128,344.6673,334.92017,123.20969
628.545,348.76474,326.22681,118.03565
628.962,333.74957,313.09897,125.77654
629.379,292.21948,281.20151,144.48991
629.796,268.63333,256.9986,100.51366
630.213,242.00119,235.46149,73.18117
630.63,239.69588,232.42712,64.24054
631.047,229.84247,237.4529,115.31879
631.464,238.29817,241.39127,85.94851
631.881,241.41093,251.13216,81.15616
632.298,237.73225,247.49409,109.86079
632.715,203.40915,213.88185,247.20786
633.133,117.30367,139.44547,421.29343
633.55,48.42264,36.16406,464.99771
633.967,58.60226,7.50062,389.95828
634.384,134.60907,133.77829,367.95264
634.801,227.86394,236.033,178.03419
635.218,236.42973,248.34676,163.38564
635.635,244.29816,254.66899,157.81538
636.052,249.76384,253.63231,157.20627
636.469,253.79764,258.77023,158.12164
636.886,278.45297,276.08572,156.26326
637.303,319.29919,306.25,138.52577
637.72,327.78815,308.24487,124.52193
638.138,328.43857,310.86877,119.17663
638.555,333.0484,312.94882,124.24222
638.972,339.73813,316.52188,110.44599
639.389,340.61057,318.26285,105.98495
639.806,340.96344,317.99722,106.50352
640.223,329.55811,308.17038,131.00833
640.64,333.27039,308.20691,127.88465
641.057,334.70963,309.09393,130.69098
641.474,332.85104,305.82343,140.13869
641.891,313.67035,277.03336,163.09149
642.308,322.83054,250.40656,190.86169
642.725,332.56696,231.30742,212.07408
643.143,340.00745,232.58289,222.09294
643.56,270.03824,207.38445,284.33109
643.977,239.1163,218.49879,279.44299
644.394,274.76221,233.97101,231.25717
644.811,217.13591,207.05772,355.39673
645.228,137.4473,116.78274,477.29318
645.645,28.8534,97.60454,385.80997
646.062,119.99153,99.60958,172.71861
646.479,162.55724,98.8942,145.67859
646.896,176.4483,145.12607,184.91187
647.313,211.35574,190.4205,177.38689
647.73,247.27486,218.60579,163.22556
648.148,267.14291,229.75546,153.86673
648.565,288.58524,237.40771,145.37086
648.982,295.50836,240.59918,139.07152
649.399,298.34564,243.27907,133.94789
649.816,300.16461,243.05739,129.33951
650.233,301.30585,242.79274,127.45139
650.65,302.17889,242.60695,125.60054
651.067,302.77811,242.53592,124.2355
651.484,305.16949,242.26384,123.17238
651.901,308.59729,242.34172,123.45528
652.318,308.43271,244.81485,123.9909
652.735,304.08109,280.09482,135.94238
653.153,298.13651,322.63684,121.31588
653.57,313.68265,342.86145,107.11432
653.987,317.68753,344.6795,115.65623
654.404,320.07242,344.89581,135.10155
654.821,317.93658,345.36703,136.08099
655.238,316.02411,342.19861,138.76349
655.655,311.21811,334.41003,147.30017
656.072,317.80804,330.68832,153.34023
656.489,322.55099,319.66034,169.5132
656.906,302.01505,276.50186,224.41292
657.323,286.7739,262.64972,249.76309
657.74,274.60577,242.19302,273.25739
658.158,247.63731,196.2742,285.66876
658.575,221.39867,191.13014,261.59787
658.992,191.53514,174.86197,246.89386
659.409,192.45364,179.68564,244.37297
659.826,295.23242,249.69298,172.38458
660.243,299.10419,253.59383,173.77347
660.66,297.39453,253.21283,168.377
661.077,295.35272,250.64917,166.6429
661.494,296.52063,251.98718,164.61728
661.911,297.22385,252.85164,164.47058
662.328,298.09094,253.64354,165.36066
662.745,302.38876,256.38507,163.85641
663.162,308.66879,276.42862,158.11145
663.58,324.05713,310.99347,131.68828
663.997,327.87851,314.40277,127.17865
664.414,330.75299,320.22693,121.72211
664.831,336.54089,324.07968,117.67097
665.248,335.84723,328.12381,108.89204
665.665,333.17633,319.37585,79.94714
666.082,327.70035,311.54593,74.18502
666.499,320.45245,309.87909,88.40775
666.916,293.2341,274.8345,153.70416
667.333,267.84503,236.22525,215.13379
667.75,237.15048,220.53877,271.79648
668.167,180.80518,172.15132,320.98788
668.585,115.28369,102.29949,320.75513
669.002,129.9747,125.24477,294.78006
669.419,200.28198,197.83405,215.21863
669.836,242.26631,222.17606,168.65988
670.253,264.05463,231.99832,169.2233
670.67,271.39368,235.82433,166.59753
671.087,273.64099,235.74361,165.92142
671.504,274.79004,237.81564,164.77907
671.921,281.7478,242.4682,158.60753
672.338,286.84714,253.64778,148.63199
672.755,288.72043,254.38377,149.26962
673.172,288.90909,257.19705,145.90155
673.59,290.65421,259.70139,146.64075
674.007,293.10938,259.20508,147.08958
674.424,295.69812,256.48544,149.35236
674.841,297.51172,258.40051,151.78111
675.258,303.64474,265.60944,146.77345
675.675,321.12091,272.0769,162.59377
676.092,329.39304,307.83472,129.97263
676.509,324.32605,309.71597,127.45724
676.926,316.31097,298.7269,134.91782
677.343,309.46146,292.1171,140.80037
677.76,307.23895,291.59598,135.51581
678.177,299.47092,294.86237,137.50151
678.595,321.6188,311.978,112.6513
679.012,328.31915,301.31342,121.67431
679.429,331.75647,304.05032,122.78204
679.846,335.15356,305.41879,122.43056
680.263,336.84448,298.33096,123.64561
680.68,341.2709,291.03796,128.96843
681.097,338.76987,288.75327,122.33588
681.514,336.6738,287.67465,122.73578
681.931,281.65314,233.26198,193.36761
682.348,151.19441,119.61825,319.64594
682.765,70.26249,43.58619,334.19888
683.182,72.99291,25.19707,315.08496
683.6,84.50012,34.04362,318.00146
684.017,161.21906,107.46525,310.90814
684.434,270.94708,210.98793,178.58855
684.851,323.33981,241.02434,173.30789
685.268,333.68225,257.20889,142.04951
685.685,346.10294,259.12662,148.72676
686.102,336.18188,268.09128,151.96927
686.519,320.77347,268.05731,139.58548
686.936,318.32571,268.69656,139.3465
687.353,314.67233,265.51825,138.07782
687.77,309.65253,267.57913,139.73734
688.188,311.66272,268.24365,136.19212
688.605,314.67505,268.34555,133.69701
689.022,313.0014,271.10474,135.02231
689.439,309.30487,280.13498,136.91975
689.856,317.20047,320.57175,119.30553
690.273,323.34906,322.47192,106.46051
690.69,321.32837,321.64828,116.09301
691.107,322.43616,320.28036,110.43396
691.524,328.65088,315.13388,108.5409
691.941,322.12445,305.43384,117.43585
692.358,311.2637,308.08539,126.49879
692.775,309.12064,313.2955,116.47406
693.193,310.08481,313.29355,114.67532
693.61,311.18948,314.88266,108.43954
694.027,312.66821,315.97424,106.44896
694.444,312.73328,316.69376,106.29044
694.861,293.53729,269.58121,193.02875
695.278,256.97391,207.04108,158.47173
695.695,242.73196,227.02504,104.19701
696.112,262.26755,233.1884,97.38123
696.529,280.15662,230.4852,123.831
696.946,264.00623,190.06992,296.06216
697.363,140.30988,84.79059,416.18878
697.78,66.88333,59.96891,372.34103
698.198,62.33885,66.51722,335.41199
698.615,173.57294,141.88994,282.03705
699.032,266.76205,215.46455,142.90512
699.449,298.49271,247.9991,110.6413
699.866,308.50937,253.08456,106.44587
700.283,313.16754,255.15141,105.60703
700.7,314.02377,256.43909,104.93811
701.117,312.98666,258.59384,103.69261
701.534,311.00534,270.45734,102.33154
701.951,314.61752,289.6691,94.28929
702.368,322.2706,298.57443,89.76044
702.785,326.1362,300.33719,90.62035
703.203,322.06863,298.04132,93.8143
703.62,319.11523,305.70236,100.63556
704.037,327.91714,305.48129,96.74876
704.454,331.53564,308.14435,94.40323
704.871,329.60687,296.63428,90.37218
705.288,332.43488,289.76474,95.85258
705.705,331.77625,289.4664,91.51894
706.122,332.57315,289.85876,90.51328
706.539,332.81134,289.31934,91.48814
706.956,315.4722,259.89169,110.33556
707.373,239.34906,155.13409,177.95888
707.79,114.9182,139.22762,250.75858
708.208,35.00785,137.0235,347.61517
708.625,91.16136,95.67392,392.06726
709.042,112.5323,90.0906,386.97739
709.459,111.46725,54.67022,328.23163
709.876,121.4493,91.93444,341.08273
710.293,207.32774,173.27563,229.84755
710.71,270.83862,230.4426,138.09937
711.127,283.86487,240.71582,127.66041
711.544,286.69958,247.32288,124.36163
711.961,297.13055,254.95915,120.01305
712.378,299.49933,257.86035,119.65355
712.795,309.74194,260.23032,118.41135
713.213,319.76154,259.36301,119.26708
713.63,323.03842,259.62881,114.51653
714.047,322.38861,260.59113,111.65451
714.464,322.47723,261.46448,111.32958
714.881,326.54611,261.35672,110.34817
715.298,328.70367,261.7691,108.9539
715.715,316.68469,264.90903,115.31436
716.132,299.49377,307.11407,100.01933
716.549,310.21838,321.33167,82.02859
716.966,323.55783,325.09924,83.83985
717.383,326.75909,324.37262,78.70062
717.8,328.92902,324.21506,78.11387
718.218,335.82092,316.13303,74.35824
718.635,334.28131,316.83875,76.23281
719.052,331.79428,317.43573,80.07726
719.469,330.6019,315.04883,84.7364
719.886,330.33524,313.17847,83.78159
720.303,329.82373,312.81232,82.41662
720.72,328.36813,313.23267,86.3009
721.137,330.33777,316.78394,104.5174
721.554,331.74698,319.54245,109.07004
721.971,334.75165,318.79294,112.5271
722.388,325.72275,304.50177,117.84574
722.805,221.66559,199.53461,157.73026
723.222,133.55475,205.62909,136.7907
723.64,44.09455,176.88863,304.15524
724.057,-23.03642,130.25452,334.63025
724.474,16.91683,113.60596,305.86624
724.891,81.24332,155.59235,287.80084
725.308,299.6821,259.51389,119.99675
725.725,317.92871,263.57794,120.24786
726.142,319.02859,268.23718,109.71089
726.559,321.28125,266.85764,105.6835
726.976,321.16364,267.07553,98.2084
727.393,322.37198,266.3317,98.6113
727.81,325.35883,266.31604,97.86117
728.227,325.23834,266.26755,96.82772
728.645,325.61688,265.67493,96.43108
729.062,324.32443,264.28256,95.12663
729.479,326.31827,263.86121,92.90054
729.896,326.43707,264.6207,89.95098
730.313,324.25842,264.14719,90.8385
730.73,325.11179,264.06693,90.12599
731.147,324.92239,264.72452,90.34326
731.564,321.4903,263.51184,93.11122
731.981,315.92139,263.55743,111.71329
732.398,311.15875,295.53552,135.22395
732.815,327.9754,312.05161,127.72521
733.232,333.10367,315.47531,122.67332
733.65,331.47046,313.73553,122.39629
734.067,325.80652,315.63062,116.51318
734.484,327.38217,318.50677,116.43391
734.901,330.1604,315.8447,108.83749
735.318,329.2341,310.76511,100.5906
735.735,329.58685,303.85437,84.30167
736.152,327.70593,301.34747,77.74125
736.569,327.94946,301.23969,76.82456
736.986,328.82419,301.09503,78.59334
737.403,328.96332,300.03363,78.65495
737.82,329.39474,298.96527,78.81789
738.237,329.62491,298.53799,78.73366
738.655,329.47861,298.99554,78.20917
739.072,329.24249,298.39603,78.02512
739.489,312.92767,254.41937,133.04906
739.906,292.22586,152.57996,276.47055
740.323,229.76553,171.79813,220.7565
740.74,55.82403,132.38239,271.75858
741.157,34.60561,95.10588,278.30856
741.574,182.56004,180.83888,199.50616
741.991,315.49213,256.95105,114.65785
742.408,332.5491,265.44687,108.73112
742.825,335.88361,266.24799,104.67878
743.242,331.42984,264.64182,100.95348
743.66,324.9006,266.07837,102.2942
744.077,299.08347,272.74649,101.34723
744.494,294.28198,303.69678,83.02494
744.911,305.97919,307.17886,75.35947
745.328,316.57629,310.17218,69.38231
745.745,319.36411,304.95627,62.92668
746.162,323.05737,305.19876,64.18792
746.579,320.12573,303.86246,67.89697
746.996,316.39584,299.40439,66.5043
747.413,315.42087,299.50876,68.66901
747.83,314.34583,300.15768,74.50717
748.247,315.16406,298.02762,75.00716
748.665,314.06534,295.88525,75.56911
749.082,314.84497,295.33615,73.88695
749.499,317.18219,295.47595,75.17603
749.916,316.99063,291.47025,85.83821
750.333,316.34537,291.33234,85.72569
750.75,312.48233,298.84351,87.52798
751.167,321.25064,302.64746,89.2774
751.584,330.89877,312.07928,100.20502
752.001,340.40787,313.84549,95.95798
752.418,346.02124,315.10907,89.59493
752.835,340.42606,314.26663,97.29169
753.253,330.35376,307.55991,103.62399
753.67,296.43954,262.23056,148.69827
754.087,250.81316,218.11647,173.21951
754.504,102.71697,184.2036,226.38231
754.921,60.1101,176.60486,345.89746
755.338,127.83089,80.38506,410.00894
755.755,148.43521,73.02616,380.88303
756.172,151.339,104.58234,364.49243
756.589,175.22934,204.43715,198.64928
757.006,182.95766,221.118,167.83379
757.423,203.43547,223.6115,163.2991
757.84,209.68265,221.24571,162.90149
758.258,216.55898,226.38303,161.44991
758.675,213.88518,241.93854,156.29192
759.092,219.47768,238.60486,155.10876
759.509,226.88791,238.66942,153.44003
759.926,257.01443,258.24185,136.15175
760.343,255.899,258.4299,135.70679
760.76,287.47137,302.51563,115.42347
761.177,312.69434,335.92664,93.98427
761.594,322.43784,338.13113,92.80388
762.011,325.71906,337.07651,90.95746
762.428,322.87024,325.8696,102.21162
762.845,311.57733,306.47852,115.40608
763.263,310.76413,302.37717,119.2598
763.68,310.3374,295.65842,130.76468
764.097,220.23427,233.68391,279.00424
764.514,95.42715,124.3996,402.61581
764.931,144.01563,179.08784,126.24526
765.348,164.18089,157.33218,68.41977
765.765,165.72878,153.78175,73.49786
766.182,172.49019,158.44797,78.72632
766.599,217.2603,176.51384,71.69128
767.016,252.71304,187.15086,93.43928
767.433,263.35742,192.40045,107.20401
767.85,269.26053,194.55783,111.13128
768.268,275.90167,197.49055,109.20262
768.685,276.85489,207.3956,118.68011
769.102,294.50369,288.18954,148.77246
769.519,308.30301,323.44891,119.27283
769.936,299.83737,327.68289,113.0696
770.353,293.5365,333.42435,112.11573
770.77,297.87616,333.92096,113.9072
771.187,297.0918,335.90314,110.23409
771.604,301.97232,329.19583,118.61521
772.021,313.0827,329.07016,124.0427
772.438,316.35931,325.58197,120.43653
772.855,320.3844,321.53317,119.95641
773.273,321.03458,321.02457,127.86214
773.69,317.59387,328.64755,122.46626
774.107,308.96249,325.18155,124.591
774.524,311.00885,323.81104,117.05074
774.941,311.0672,324.84842,114.35172
775.358,312.90741,324.81006,111.81633
775.775,324.1748,332.43475,106.01849
776.192,305.46277,329.38824,100.0934
776.609,304.38763,328.99637,101.34866
777.026,304.53354,329.9191,105.11222
777.443,305.14325,331.71173,105.44505
777.86,303.69299,334.0166,103.83033
778.278,315.29401,336.31027,118.94408
778.695,327.02606,344.70728,126.11209
779.112,329.46548,344.07764,131.04907
779.529,333.91531,342.16064,130.40045
779.946,333.66681,339.60193,130.43231
780.363,317.40973,323.71249,139.26407
780.78,296.00204,315.12204,144.22456
781.197,283.45444,282.34872,154.9073
781.614,220.45663,230.838,131.28491
782.031,204.38693,231.66002,74.43914
782.448,292.71344,192.18652,93.61375
782.865,326.16272,145.58913,224.62669
783.283,247.41527,117.58562,413.05362
783.7,125.31366,110.42359,424.81445
784.117,125.44054,81.70261,308.8855
784.534,129.78943,102.57193,306.01013
784.951,270.16727,229.75891,137.58215
785.368,285.64853,237.76724,123.22192
785.785,287.20865,238.91939,120.19543
786.202,295.45441,239.18983,122.27977
786.619,297.69244,238.78723,122.8242
787.036,298.63293,238.30122,119.84621
787.453,297.92499,239.45369,116.6887
787.87,300.10419,241.01924,115.69687
788.287,299.18347,240.23985,114.08627
788.705,301.28073,240.88676,114.47206
789.122,297.92813,240.92488,111.92258
789.539,298.09818,240.05867,114.27874
789.956,299.96375,237.1657,113.01778
790.373,299.5527,237.67833,111.14181
790.79,300.4642,238.89624,111.27976
791.207,298.30814,238.68082,114.33718
791.624,300.28912,243.14117,110.00213
792.041,302.67322,240.19514,104.64772
792.458,309.40256,229.71707,121.08978
792.875,304.97168,224.8187,134.99825
793.292,294.40143,229.88818,136.56242
793.71,303.93524,283.53793,180.4951
794.127,331.0108,296.35526,161.89474
794.544,337.79269,304.92456,160.00967
794.961,336.77115,308.67068,157.11526
795.378,335.64081,297.64349,153.86024
795.795,339.63135,295.20795,147.33363
796.212,338.67969,295.76093,145.9127
796.629,339.80438,295.87924,145.93172
797.046,338.92767,295.27829,147.37558
797.463,318.78461,270.21475,178.80502
797.88,283.35251,229.18248,197.09145
798.297,282.82059,218.34921,151.08482
798.715,266.25345,224.16939,220.66997
799.132,134.6096,149.25604,352.89526
799.549,34.5703,73.78874,357.99533
799.966,23.17889,122.82782,326.61548
800.383,127.25959,156.79431,249.99628
800.8,141.71983,140.61659,250.62799
801.217,227.14424,201.96761,196.30876
801.634,273.35254,243.57167,127.65761
802.051,285.54254,245.87558,123.59686
802.468,286.76376,242.82097,123.99341
802.885,272.13943,251.77492,130.69063
803.302,284.63177,248.56012,127.31624
803.72,276.49274,247.3709,124.03973
804.137,276.67065,244.83403,122.652
804.554,277.41653,244.65427,116.52605
804.971,279.44992,246.80522,115.80511
805.388,283.9371,246.95909,114.40404
805.805,283.44748,245.53638,114.05058
806.222,282.87668,246.88676,114.34889
806.639,295.2955,262.73578,122.2808
807.056,318.77121,329.44781,111.90369
807.473,325.66888,341.37527,105.60786
807.89,325.00388,342.08768,105.78805
808.307,324.26917,336.79901,114.9341
808.725,322.98578,329.94394,127.11652
809.142,327.99991,323.73022,123.54363
809.559,321.57098,313.38568,135.16893
809.976,311.15161,304.0246,149.52829
810.393,196.3212,238.10258,271.21991
810.81,120.10425,112.21884,328.44598
811.227,111.98882,179.35208,319.97672
811.644,164.96658,233.56468,332.02322
812.061,57.43252,113.73214,342.68439
812.478,185.25415,251.89143,318.12286
812.895,164.17908,168.34785,297.1145
813.313,153.82391,157.92445,279.26047
813.73,210.8632,208.67429,213.85901
814.147,241.95566,240.11748,140.62375
814.564,257.095,238.01996,140.57611
814.981,253.77362,247.61293,165.27368
815.398,268.86795,250.68845,157.01637
815.815,275.56113,252.60921,154.44987
816.232,273.09839,252.92305,150.99066
816.649,275.9953,254.04343,150.25745
817.066,281.2352,250.51306,144.90657
817.483,280.42883,249.40681,140.06635
817.9,283.08966,251.62973,138.58534
818.318,279.42697,254.1788,134.5121
818.735,278.18604,254.97276,132.66202
819.152,289.26529,286.98975,117.12211
819.569,317.54822,331.21234,104.78381
819.986,324.41089,330.98691,100.74445
820.403,330.36096,328.40698,110.07453
820.82,329.45129,327.884,114.15295
821.237,330.64603,316.06232,117.82774
821.654,330.66281,314.75925,120.98009
822.071,330.25049,308.54443,118.66603
822.488,300.8259,267.0918,166.50171
822.905,253.74234,191.48181,248.41057
823.323,201.05237,139.99556,358.10513
823.74,138.97665,72.76544,449.20285
824.157,152.19836,141.0358,265.35681
824.574,154.72876,147.29523,221.44977
824.991,262.19016,216.55757,156.32594
825.408,306.4892,241.21753,150.61354
825.825,302.28757,241.45078,155.368
826.242,298.27261,249.75031,144.90903
826.659,298.56702,249.12708,147.93806
827.076,297.23697,248.9267,145.79552
827.493,296.30112,245.85614,146.19313
827.91,300.25607,242.71846,145.0192
828.328,300.81104,244.08847,140.65509
828.745,303.07043,281.9924,153.80417
829.162,320.75815,327.90234,131.00427
829.579,330.40793,332.66226,128.81436
829.996,331.55264,332.86508,127.07669
830.413,337.13321,321.01825,126.82603
830.83,340.98132,319.83517,119.08813
831.247,341.86044,317.75894,121.30294
831.664,340.48788,318.09067,120.56309
832.081,339.8913,316.74918,120.80473
832.498,339.7811,316.96481,120.43347
832.915,339.67505,315.45447,120.65535
833.333,340.52127,313.33969,120.75021
833.75,344.64572,308.60205,121.15343
834.167,345.64615,310.93127,118.54533
834.584,334.61221,303.48547,164.84196
835.001,274.00772,237.08333,196.12787
835.418,196.46625,191.09317,172.30588
835.835,150.84206,175.10796,116.11116
836.252,152.75728,174.31239,121.63938
836.669,255.4763,210.3338,136.94054
837.086,278.04581,232.74277,131.83453
837.503,289.21664,237.00754,126.75995
837.92,286.21396,238.84488,121.63176
838.338,284.44077,248.86107,110.87284
838.755,278.20184,241.50743,111.10085
839.172,249.30644,209.29344,151.26361
839.589,258.0589,215.57074,158.86058
840.006,262.09445,233.22957,160.37509
840.423,309.14642,300.47064,178.45718
840.84,337.11209,332.0043,168.64626
841.257,338.16696,331.69171,166.22025
841.674,338.4368,330.49564,160.43044
842.091,338.60483,328.7663,161.72421
842.508,343.21094,319.01303,160.98068
842.925,330.42166,298.14563,182.49635
843.343,185.48521,147.91299,333.62573
843.76,131.5498,143.65942,190.20166
844.177,152.46765,151.53598,88.56084
844.594,160.60307,156.58165,95.05329
845.011,180.18634,170.63829,87.14267
845.428,205.39349,189.21396,94.56534
845.845,215.10847,191.40359,92.261
846.262,217.57294,190.33438,90.15989
846.679,218.7417,189.29092,88.26901
847.096,220.17053,188.80939,87.20277
847.513,220.85715,188.53717,86.28262
847.93,220.95372,188.40973,86.48656
848.348,220.21713,189.23917,88.18053
848.765,221.02583,190.96317,91.14777
849.182,220.14296,193.01254,94.31073
849.599,223.40993,194.58904,95.13851
850.016,228.78105,196.39447,93.60399
850.433,228.48331,196.59448,94.22269
850.85,228.96449,196.58369,93.78614
851.267,229.41684,197.36613,94.3829
851.684,231.09839,198.10376,94.66942
852.101,262.87823,220.09058,109.32852
852.518,272.11182,258.36481,161.1431
852.935,309.35117,314.8732,173.58282
853.352,329.52612,323.42105,158.73415
853.77,328.29593,321.2338,161.22479
854.187,330.02078,326.11346,152.03709
854.604,330.9537,325.16364,146.56152
855.021,331.51385,321.79181,144.08804
855.438,327.27505,300.34656,150.35953
855.855,321.58414,299.54736,124.94942
856.272,320.47672,293.56781,127.07037
856.689,310.24207,285.57599,146.1217
857.106,237.79805,233.45131,198.64299
857.523,186.04031,220.76288,237.6208
857.94,152.92191,164.70461,322.11282
858.357,123.93149,116.40023,302.64767
858.775,152.67839,155.73074,283.8374
859.192,220.99825,217.88741,168.95795
859.609,250.23088,227.19965,168.04131
860.026,253.67487,227.74095,161.83321
860.443,252.14275,239.41911,166.34447
860.86,262.97623,233.9373,166.67383
861.277,255.25581,229.98625,167.08604
861.694,244.72385,229.52917,164.48099
862.111,251.38225,227.82788,161.48381
862.528,255.63628,230.89587,165.11552
862.945,266.78741,238.0009,166.43309
863.362,274.66296,245.04561,168.99945
863.78,296.49304,257.13947,163.25465
864.197,304.47659,276.37836,194.28339
864.614,330.73715,296.06082,185.53111
865.031,336.85678,297.88855,177.56143
865.448,336.86697,299.82913,180.6947
865.865,348.50452,292.32529,173.45702
866.282,351.08258,287.3298,172.18015
866.699,351.62537,286.08014,170.63533
867.116,351.69284,285.20264,172.21281
867.533,280.86426,198.20268,242.86781
867.95,211.00075,128.61754,373.76944
868.367,159.70612,94.28256,469.9325
868.785,149.35909,146.7036,324.88596
869.202,149.69899,147.72935,232.0491
869.619,204.88017,192.8269,199.18138
870.036,243.44203,213.233,155.76538
870.453,255.81161,222.55336,154.1096
870.87,267.41443,223.38298,150.10289
871.287,266.55777,225.2932,144.65691
871.704,267.97366,225.00218,142.34006
872.121,267.5144,224.12042,142.0248
872.538,269.45203,224.63531,140.37474
872.955,267.75327,225.5768,137.4987
873.372,268.41058,226.1609,134.38937
873.79,268.41431,227.60652,134.52979
874.207,270.55191,228.35094,134.31236
874.624,270.02881,228.52611,133.30815
875.041,269.70267,227.19028,134.93019
875.458,268.18805,226.73259,132.8598
875.875,272.57529,232.25682,140.40948
876.292,315.6983,329.37857,136.20981
876.709,320.64838,348.71964,126.43259
877.126,320.13788,340.98288,125.04881
877.543,319.86395,335.11865,132.90559
877.96,319.59653,330.76971,140.03703
878.378,325.69128,324.16721,135.33511
878.795,333.06808,312.92322,140.12585
879.212,315.95078,285.38358,180.25127
879.629,254.02473,153.7735,305.53412
880.046,95.53197,144.68825,314.95334
880.463,-19.70515,131.07306,309.23816
880.88,15.30938,125.48012,300.96228
881.297,100.75761,166.28148,267.73914
881.714,317.94675,263.61072,137.63823
882.131,323.89612,261.33646,129.20926
882.548,327.4281,260.86618,126.15688
882.965,330.47058,260.28024,124.20792
883.383,332.26819,260.11884,124.05466
883.8,323.9827,255.72108,123.19643
884.217,319.79791,255.32948,123.74629
884.634,314.49371,252.40453,121.09131
885.051,313.5455,251.6355,119.55329
885.468,316.04788,253.46472,122.73494
885.885,318.61365,258.11517,121.4463
886.302,314.57175,256.46893,122.01506
886.719,311.68259,255.52858,125.81789
887.136,304.51602,256.2811,120.37074
887.553,300.00674,257.19565,115.19272
887.97,298.99112,256.93433,113.62998
888.388,297.02835,261.50098,117.4826
888.805,310.40973,293.7435,144.66856
889.222,322.81021,306.08487,148.53934
889.639,334.67819,311.24152,156.75206
890.056,334.69501,310.27969,157.33374
890.473,338.90112,311.94229,160.0006
890.89,340.79074,300.49054,164.54346
891.307,332.37311,298.61609,173.9046
891.724,337.35767,301.05438,174.66272
892.141,339.3418,302.0835,172.79822
892.558,306.67523,278.49985,215.28853
892.975,224.86397,257.35593,287.76599
893.393,100.44801,152.65121,351.58231
893.81,48.44241,150.69464,345.12283
894.227,140.13658,208.5045,299.78964
894.644,137.29523,170.33463,279.99808
895.061,179.80348,200.74426,221.42345
895.478,224.62062,226.63295,153.54768
895.895,244.73445,226.4261,143.8027
896.312,249.24153,222.83441,147.86784
896.729,266.04843,230.72968,158.71027
897.146,266.80621,235.76114,154.17429
897.563,259.91489,239.10742,149.61678
897.98,255.36247,240.29521,145.30197
898.398,256.97424,239.3909,141.25883
898.815,256.53683,240.99821,141.6736
899.232,260.93732,239.06285,141.2701
899.649,265.40466,244.65117,142.0303
900.066,317.09467,321.63702,149.20418
900.483,324.20212,325.9433,136.14844
900.9,328.6568,330.08243,129.27191
901.317,332.65421,327.30014,135.03658
901.734,334.10016,325.43826,135.87442
902.151,334.38052,317.10376,137.11012
902.568,319.59628,314.8447,142.33739
902.985,320.66577,317.2435,148.10966
903.403,310.39783,313.01212,158.5493
903.82,315.64856,310.79672,155.63742
904.237,314.51419,318.94965,169.19788
904.654,305.1546,320.18234,171.65363
905.071,305.68701,316.31686,175.19446
905.488,309.31757,306.15884,185.65994
905.905,302.74194,272.99133,231.0576
906.322,231.53159,178.97952,340.09213
906.739,94.01443,91.81148,483.88641
907.156,74.60999,170.33598,197.41467
907.573,138.32449,155.24095,167.70377
907.99,129.77986,118.31366,194.16861
908.408,171.31717,183.49768,231.88565
908.825,234.29912,221.42004,205.4366
909.242,265.59393,250.58395,169.98253
909.659,277.72049,263.54819,156.84213
910.076,278.7272,263.68814,149.66698
910.493,278.47208,265.30026,149.08598
910.91,278.38559,268.91217,145.52551
911.327,303.19943,309.45938,154.95708
911.744,322.89066,315.68628,152.36513
912.161,326.60822,315.29013,150.59306
912.578,331.96371,318.96927,152.27867
912.995,333.97131,320.1821,144.82597
913.412,342.99326,302.47775,121.94951
913.83,341.07349,294.47897,114.82921
914.247,327.65567,269.36569,134.83864
914.664,200.88847,158.40797,204.79605
915.081,186.25208,100.96472,413.55862
915.498,48.11103,154.65265,348.12592
915.915,235.50963,98.12817,377.89426
916.332,209.97913,103.65307,148.35835
916.749,155.65555,92.02472,153.49521
917.166,213.19255,171.58759,165.73462
917.583,245.39221,214.74345,140.11816
918.0,260.77808,225.82742,148.24858
918.417,261.86829,241.17459,141.50919
918.835,260.82605,243.72093,138.67577
919.252,260.79636,246.56412,140.92688
919.669,257.66727,245.86806,137.90829
920.086,263.12631,244.54695,138.36243
920.503,265.74014,245.02357,145.88589
920.92,278.0188,266.23227,144.82086
921.337,306.67001,313.93744,138.54715
921.754,320.31216,318.09982,140.79224
922.171,324.76468,313.19385,134.08012
922.588,330.08792,316.86475,137.0815
923.005,346.78635,316.12811,125.56135
923.422,344.00027,316.2446,126.00827
923.84,341.40689,316.30273,126.35603
924.257,341.92236,313.69885,125.64187
924.674,203.87392,188.16359,287.02411
925.091,86.09758,48.55333,369.72888
925.508,64.46387,32.54433,359.08243
925.925,68.93347,25.69192,319.69431
926.342,185.33197,187.51196,234.49591
926.759,288.18811,270.36838,163.30107
927.176,284.17194,264.86102,175.24246
927.593,291.12585,280.42783,157.36066
928.01,286.6246,285.04074,149.97127
928.427,280.69327,292.09192,149.00107
928.845,291.51596,331.72726,137.90686
929.262,302.95987,332.85599,137.71614
929.679,310.59814,337.68198,133.09744
930.096,313.05661,325.59134,122.11444
930.513,312.49048,311.7916,109.24374
930.93,311.40356,298.60446,115.99566
931.347,272.67075,198.93355,213.9391
931.764,246.05898,133.8325,254.72742
932.181,208.82498,121.86703,198.05196
932.598,185.50995,137.93407,201.7626
933.015,190.87254,201.98048,231.4362
933.432,246.94463,277.9953,249.35809
933.85,241.82799,303.72971,262.6123
934.267,227.69933,292.38541,255.34906
934.684,210.9592,268.08206,257.6442
935.101,183.6969,238.68605,272.9989
